mlinkin0,Fdc0BlvccN4,1964-04-23,Marji,Linkin
ebecarra1,EP8bOl,2008-02-11,Elwood,Becarra
eormerod2,NoigXUpFsB,1970-08-04,Emlynne,Ormerod
bcharsley3,a787r2bPeI,1985-02-13,Blake,Charsley
nikolaos,12345,1999-05-15,Lyndel,Tidbury
zdumphrey5,cgojOlwGI5,2010-09-10,Zacherie,Dumphrey
isarath6,eWHwOI,2005-05-15,Isak,Sarath
czaniolo7,7hor59A,1980-05-23,Cecilia,Zaniolo
mclyma8,951suxnLxW,1977-11-04,Margy,Clyma
graulstone9,CriLGpyAX,2012-10-08,Golda,Raulstone
etoulsona,cpZc0c,1987-04-14,Everard,Toulson
wgallemoreb,3sFuhBT3RNqo,1952-05-20,Wallis,Gallemore
rphiloc,XqxHedu,1970-05-21,Rochella,Philo
doaktond,KtrUPjXMWXv0,1978-11-29,Dante,Oakton
mdandiee,lOll29BZR,1985-07-07,Margeaux,Dandie
cchismanf,kVifViY8EVX,2012-05-14,Cord,Chisman
gstirrupg,L53K5oQDLVv,1951-12-01,Georgetta,Stirrup
tmcclymondh,l7bJTn,2012-04-11,Tove,McClymond
tmosedilli,zuesMY,1998-02-15,Tatiania,Mosedill
lhellinj,PQ8HDEkQRkN,1969-02-20,Liana,Hellin
kfindlayk,lCrwwcdKR,2003-12-26,Kaile,Findlay
tlitell,QtXQfw,1997-08-31,Trumaine,Litel
nwhithornm,kz1iSAa,1973-11-20,Norbert,Whithorn
ddorsayn,XCJlqzNG82H2,1992-07-28,Darrin,D'Orsay
bjerviso,agsD7FoeqT,1957-01-29,Bibbie,Jervis
cobraddenp,vYE7NhrFwe,2011-01-31,Cash,O'Bradden
tcromerq,KhzTYfcLQkrq,1990-01-08,Toby,Cromer
nforsyther,vbKqpou,1984-05-12,Norbie,Forsythe
jrottgers,bI65ZNl,1956-02-04,Jesus,Rottger
egerritt,zgDYgJGDi,1991-09-12,Emili,Gerrit
jkonradu,KHdb3kqc90J,2003-06-14,Joanna,Konrad
ngrewerv,9pjtopc,1985-10-31,Natalee,Grewer
gleinweberw,SnJ3EjepO0iS,1970-09-29,Garwin,Leinweber
sblazejewskix,DN2BhAW7,1957-11-16,Sutton,Blazejewski
kbasilly,Iu4UaVPP05o,1971-08-08,Kori,Basill
noglesbeez,2CLOiR8G,2012-07-20,Nolie,Oglesbee
nmugg10,rSxlY0,1962-12-10,Neille,Mugg
dburfield11,2CQrqgMSGGQI,1952-05-19,Dolli,Burfield
hflipsen12,QdQHSKlzz2,1971-10-29,Herculie,Flipsen
snassie13,Qa68fo,1972-10-06,Stephenie,Nassie
brobertucci14,bu5BCJ,1979-03-15,Babbette,Robertucci
rmacdowall15,e5JqHMxn,1954-03-24,Rudd,MacDowall
jcourtman16,WNIHWUFwezqz,1984-01-24,Jaime,Courtman
jlittlechild17,9WDejoho,1979-05-04,Jessy,Littlechild
ddoree18,vCREwx6E,1975-03-26,Dniren,Doree
pchipp19,XtFMSU,1958-12-10,Pat,Chipp
pbrummitt1a,Rrv6AzaTEu,1995-10-12,Perren,Brummitt
cbucham1b,Dz7r6zcJ,2015-04-19,Cully,Bucham
kgelderd1c,HNd76uJSL3,1981-06-30,Kassandra,Gelderd
esmalman1d,NBHUpE,1985-12-11,Elliott,Smalman
melleton1e,ywWPvpBppk,1955-01-05,Michel,Elleton
ufarady1f,IgoxKezkl4J,1975-01-19,Ulla,Farady
skitchaside1g,qWqIXZs43,1961-03-04,Skipp,Kitchaside
dedgerly1h,jdvo8L,1991-05-23,Danica,Edgerly
mcheetham1i,1a2mxT7joBd6,1984-07-01,Meryl,Cheetham
mgallico1j,pEjVRJ,1952-12-02,Moses,Gallico
mlaval1k,uF4ptkv,1992-07-23,Morrie,Laval
hfarnaby1l,x3jBN5fqnXB1,1968-06-19,Hanson,Farnaby
jpitway1m,CnvcWJxQcbgg,1979-12-04,Jaclin,Pitway
potson1n,UQcu8CkUsa,2007-07-23,Patrizia,Otson
jbussetti1o,eNBqkI,2009-12-29,Justine,Bussetti
bhurt1p,vvX4VrhaUKsh,1976-11-04,Blancha,Hurt
lseawright1q,xxDP10n,1951-11-11,Larry,Seawright
wfairbanks1r,jii6Qpk,2014-08-02,Westbrooke,Fairbanks
cmumby1s,A20nSJ82JVV,1988-06-03,Cassandre,Mumby
kdominik1t,8khwzpCFk5tg,1979-09-04,Klemens,Dominik
roreagan1u,xK4jchClOi,1963-08-02,Richardo,O'Reagan
jprigg1v,Jrdc6g6p,2000-09-01,Jennilee,Prigg
rspringell1w,E5F5KsFe,1988-10-28,Rori,Springell
dvenable1x,o9cpsJJ1gQBj,1968-09-10,Devi,Venable
pruffli1y,Ddbelt,1955-09-18,Patric,Ruffli
celecum1z,XEZlzgZBu,1984-05-26,Cherin,Elecum
tmollon20,J4r13w,2012-11-24,Trudie,Mollon
aviles21,BzFXXN,2006-04-09,Anne,Viles
amatthewman22,gtww8rfRN,1995-11-18,Andree,Matthewman
jlatimer23,Ba6ZxE,1996-12-10,Jethro,Latimer
bcrighton24,r7W208,1979-03-11,Beverley,Crighton
jpithcock25,tYE2J1O,2004-09-23,Jillie,Pithcock
bruusa26,34KJggaua,1970-03-13,Bryan,Ruusa
lpaoletti27,MoQJvOjwYF,2016-07-20,Lydia,Paoletti
dhaws28,Ek8MrWv2Ujk,2006-02-23,Darnell,Haws
rerskin29,Rddu7l0vqe,1968-11-10,Rosabelle,Erskin
wmoreton2a,POqGBNRu,1976-12-28,Wayne,Moreton
ogiraudat2b,Ioquk7WkvO,1957-05-22,Odilia,Giraudat
cgraber2c,v0dgAhP,1964-02-08,Chiquita,Graber
zlester2d,79l10rYD2xxF,2013-06-13,Zara,Lester
mwalpole2e,I12xovfcw,1988-12-27,Margaret,Walpole
ascimonelli2f,xeElFD0,1965-11-05,Adelbert,Scimonelli
mdilston2g,VusDafxYdo,2002-06-13,Madeline,Dilston
cmccowen2h,20pZy5s29m,1997-11-20,Cass,McCowen
hgheorghie2i,kPPAvWy64,1988-09-17,Heda,Gheorghie
scanfield2j,4Wsv1f0dPxcG,1953-04-05,Steffie,Canfield
agremane2k,j5dlr9,1957-10-12,Alikee,Gremane
fjennens2l,5753Gq,1966-04-26,Felicdad,Jennens
itoft2m,WMbc3B,2009-06-02,Ina,Toft
omcanellye2n,u6zgKD,2000-06-26,Orsa,McAnellye
ttibalt2o,9jj0MLd,2008-12-22,Tabby,Tibalt
haris2p,uZI3n8HvVD,2008-10-06,Helaine,Aris
nbonanno2q,jMRFfGHz,2010-03-03,Noel,Bonanno
gmclarty2r,6Ostdwda0YGc,1962-01-07,Georgine,McLarty
odilley2s,rQHc9icgN1zl,1963-05-01,Osborne,Dilley
cduddridge2t,eZaSdeY,1958-07-22,Cyndi,Duddridge
rsplevin2u,W6AZNPDt71w,2014-10-11,Renault,Splevin
mpurchon2v,EVp55VJnWX,1987-04-19,Marthena,Purchon
gyersin2w,ORxf4B,1988-07-24,Gifford,Yersin
knason2x,02lnVXVdk7n,1992-11-07,Katha,Nason
gdeaconson2y,VP59cdGi0,2013-06-14,Glynn,Deaconson
lcurtois2z,mY4Ri0oy,1965-02-12,Liesa,Curtois
deverist30,XMQPc9,1950-12-21,Dacy,Everist
ncoates31,m9uJ75,1952-07-25,Nannette,Coates
zskitteral32,w5uYqzpy,1986-11-27,Zola,Skitteral
achalder33,JQHpkt,2005-11-26,Ardella,Chalder
lseawell34,v90yx2,1950-06-07,Lanae,Seawell
hheineking35,FARrzNcCo0tQ,1972-09-26,Hamish,Heineking
pheckle36,kuG77t37v,1965-03-18,Phedra,Heckle
lnorthen37,gRnQGdDo4jYI,1977-09-11,Lois,Northen
rklosser38,hGI2wPTM,2000-01-08,Rosaleen,Klosser
nsans39,tkrw62,1968-07-15,Newton,Sans
iolone3a,1B5KdDnl,1988-02-26,Ignacio,O' Lone
than3b,GadQLEmN6t3C,1957-04-16,Trish,Han
schomicki3c,lrGN5O,2003-12-16,Sarina,Chomicki
jllop3d,40jKYkIf,1986-06-05,Jewelle,Llop
ctripe3e,K3y85BKk5p,1969-06-16,Cati,Tripe
areightley3f,7ujADo4si,1959-11-14,Avrom,Reightley
egiraux3g,69glRHO,2013-09-13,Elissa,Giraux
rpendock3h,IOq2fc1QI,1979-06-18,Renard,Pendock
alaunder3i,sR9Ukm3S9t,1957-02-22,Angelo,Launder
cbourhill3j,Pu2tcnZLSGq,1991-12-30,Cointon,Bourhill
lvuittet3k,7V5gPQk7zgE,1976-04-09,Lyle,Vuittet
geagers3l,HiSNM8GbW,2000-10-19,Giffard,Eagers
clabern3m,KOIogkwp,1963-11-21,Carree,Labern
acoveney3n,6Um7jNln,1977-03-24,Agretha,Coveney
kgovier3o,s4eiIa3,1962-10-03,Kay,Govier
cdelazenne3p,SAk3lM8,1989-01-21,Casandra,De la Zenne
elurner3q,741QQOInmdH,1961-10-03,Eda,Lurner
ckach3r,nygBK4HQpg,1998-05-18,Cris,Kach
mmiddleditch3s,oF1Lxsz,1988-08-20,Mannie,Middleditch
hvideneev3t,XJFwL9EH0K,1959-07-09,Herve,Videneev
nterrelly3u,PSZJmFfBrm1o,2014-03-29,Nealson,Terrelly
mmillichap3v,d2dgKI3,2006-07-27,Maxi,Millichap
wgernier3w,dqFvncokpF,1953-07-13,Walker,Gernier
cblofield3x,i1AyE65I,1965-12-14,Chris,Blofield
rsammes3y,lCC3BcC,2000-01-03,Reilly,Sammes
vkubacek3z,Y1zRha2,1995-01-05,Vic,Kubacek
rmaudson40,LUssR1K,1965-02-20,Roxanna,Maudson
fferne41,mmHiamTUjdg,1984-12-18,Fawnia,Ferne
krathbone42,EywWKmvLOFP,1960-03-10,Kellyann,Rathbone
mgonnely43,VVne0C12CuF,1995-12-23,Melisenda,Gonnely
kmaclennan44,XPupBD1c,1989-10-05,Kira,MacLennan
lfidoe45,gsSo6ExHW,1968-06-17,Lillian,Fidoe
aalthrop46,CfgfB3e8fS5,1996-06-18,Artemis,Althrop
kbrelsford47,huGejiQqK8,2016-04-01,Koo,Brelsford
ssilcocks48,jv2J7dy28fp,2001-04-13,Sharai,Silcocks
mvery49,VEeHkE,2008-04-11,Melisandra,Very
mmeasures4a,bEMD5TBg0Z4,1964-08-03,Marcellus,Measures
rbohike4b,a9O9LV115Z,1960-02-02,Rogerio,Bohike
dstracey4c,WEE2YXJ96aQ,1992-04-29,Donny,Stracey
kbenaine4d,WkIukpUj,1963-06-21,Karmen,Benaine
dbretherick4e,yn3PaicvBo,2007-10-24,Donaugh,Bretherick
bchittock4f,pz34LiKrJoYc,1975-12-18,Bettina,Chittock
bjeannequin4g,1RGD44cW,1999-11-05,Brnaba,Jeannequin
cmarti4h,Lss4HL9x56x,2010-03-28,Celine,Marti
kglasner4i,3ExB1XC0NcU,1959-06-24,Kati,Glasner
twitcherley4j,MVCJYQ22,1999-09-16,Toiboid,Witcherley
esailer4k,Z8okAWWSMR,1993-01-14,Eleanor,Sailer
fjardin4l,9G8tyG,1976-04-14,Ferguson,Jardin
apentland4m,DhxJwNpaug,1997-11-15,Andrej,Pentland
cdodsworth4n,wbghTIaD,1964-01-16,Chrotoem,Dodsworth
acoom4o,F42LoGOy,1998-04-18,Arman,Coom
hskeene4p,ft5jjhr,2003-11-22,Hamilton,Skeene
trobertis4q,vuo60cSnSg,1971-01-23,Tessi,Robertis
kbreens4r,BZHbqyqiS,2011-07-19,Kellina,Breens
bbrislan4s,lDDzLk,2008-11-01,Basile,Brislan
agaunt4t,YwrXIkbr,1965-07-19,Alphonso,Gaunt
llandrean4u,STV5SY6v,2000-11-14,Lorilyn,Landrean
lmarion4v,6qQR1DT4hKB,1993-01-22,Lilla,Marion
mtitcom4w,czJcIgz0bJ,2009-11-09,Myrna,Titcom
mdulinty4x,djDNBEGAfaWC,1967-08-09,Maritsa,Dulinty
dsansam4y,GeDJs5sN,2013-06-15,Daveta,Sansam
amclanachan4z,j4pgqH,1968-05-15,Averil,McLanachan
cniblett50,k4UoFaY,2015-03-31,Cecil,Niblett
lsyrie51,AycBG1Aacp,1999-11-07,Lucas,Syrie
peisig52,uA6x42fjAW,1973-01-31,Phaedra,Eisig
dfullager53,fKDul8wj,1976-07-14,Devland,Fullager
trideout54,9mRM9w5ryxJ,2001-07-06,Tanner,Rideout
ltoovey55,JIuxAb,1981-09-20,Laurie,Toovey
cgeistmann56,hQGY2QBTbJM,1971-11-26,Coleman,Geistmann
mredhills57,6P2rSG8,1988-06-30,Marget,Redhills
rgilluley58,jnpj71toudFr,1972-07-22,Reggy,Gilluley
tmcnellis59,4ZSrOhV,1998-08-04,Tessy,McNellis
pwenban5a,wffFrugB02,1973-05-12,Patrizio,Wenban
mwoolens5b,QUhctv,2012-02-07,Millard,Woolens
wdilnot5c,pW9aRRj,1956-07-28,Werner,Dilnot
uwindus5d,79n2No,1969-11-24,Ulick,Windus
nsherwin5e,ow3rf6ux7,1985-07-17,Nert,Sherwin
osibborn5f,WsBB3KabUTJ,1961-04-03,Onida,Sibborn
njirick5g,rqP7POblWW62,1950-09-29,Neda,Jirick
libbotson5h,aNnV6kAVdFf,1954-10-28,Liv,Ibbotson
tcrolly5i,FXH5W5rsuK,1953-10-20,Taylor,Crolly
tblaxill5j,a65f3MIzjhRt,1958-09-23,Terri-jo,Blaxill
jugolini5k,wNKzDEl,1963-04-03,Jobyna,Ugolini
lberzen5l,uDQWCHqHa,2010-06-05,Launce,Berzen
ailles5m,NxBUxhx,1958-11-12,Adams,Illes
pmcgregor5n,9mlcp3O,2016-06-05,Peirce,McGregor
kgladman5o,uE0I8Fy6c,1961-09-25,Kameko,Gladman
bmccutcheon5p,KbjULgrgPcY,2007-06-17,Bernelle,McCutcheon
hsambiedge5q,ClQUiHA0SIk,1974-06-17,Huberto,Sambiedge
ncheel5r,UyUH4DRY9kG,1976-03-03,Neddy,Cheel
thutt5s,nVg9jViN,1957-01-22,Tanney,Hutt
fcircuit5t,ocvAa70e,1973-10-24,Frasquito,Circuit
afonquernie5u,zoAO0EgQ4,1985-08-30,Aarika,Fonquernie
jforestel5v,nRDVsuF,1971-11-13,Jewel,Forestel
cfenimore5w,CbUYSv3,1991-12-04,Carey,Fenimore
cgarnam5x,fR0Lz0,1955-09-12,Charlena,Garnam
aingliby5y,dV1UNqj4D,1979-08-19,Arty,Ingliby
mtosh5z,gj9eYVD,1982-08-19,Melisa,Tosh
gcourson60,b8qqTR,1976-08-28,Gabriela,Courson
awurz61,E3r7D77ahNX5,1997-01-02,Arnold,Wurz
vsabates62,UNMtK18MC,1995-12-16,Victoir,Sabates
ncritchell63,BxOPobALJtF,2000-02-13,Neille,Critchell
jfozzard64,BVlyEKtn3WkM,1991-05-08,Jennilee,Fozzard
mpamment65,uHOq25wGn,1981-06-14,Monica,Pamment
jyacobsohn66,YPVDrVb,1984-12-29,Jacquelyn,Yacobsohn
dcallen67,YIay54avDa5t,1953-07-24,Dorene,Callen
cbalkwill68,QcshoXG,1997-09-28,Crawford,Balkwill
mcrossfeld69,73Y7lSsiY,1978-05-23,Murial,Crossfeld
jtommei6a,xD1ZK8,1969-12-16,Julio,Tommei
keskriet6b,hpv3rGuDXXIA,1971-06-01,Karlis,Eskriet
dsmittoune6c,Li9Ypl,1996-10-15,Deva,Smittoune
ldmytryk6d,eLvBBW0D,1970-03-04,Lari,Dmytryk
kcayle6e,CSVqUvz9AQlZ,2001-10-20,Karina,Cayle
poldrey6f,8Jjr1rPV,1983-12-20,Phelia,Oldrey
ibennit6g,S1yKOUo,1992-05-19,Irene,Bennit
wvauls6h,KHkBXHgfqJ,1994-08-30,Winnah,Vauls
achalder6i,IrDkBceRj0Ml,2003-07-10,Annabel,Chalder
ftomasoni6j,9XKeEW3jOJ,1950-07-09,Ferdinand,Tomasoni
ccrame6k,32Y59VCqsP,1955-02-27,Clerc,Crame
ebrownrigg6l,BYLypZwzbnEV,1980-02-20,Elsbeth,Brownrigg
butley6m,lyXL4W,1988-08-15,Barron,Utley
cricioppo6n,fCabW8xvB0T,1984-03-25,Cherianne,Ricioppo
msmolan6o,G4i77ahItHu,1959-12-25,Mead,Smolan
cmckeggie6p,ZM6HhrmkdqHa,1975-06-15,Courtnay,McKeggie
scrocetti6q,7Kp8Bk,1968-05-18,Stesha,Crocetti
ukobpa6r,2URHGQaiGY,1956-11-03,Ulrikaumeko,Kobpa
kpaydon6s,jBIsX8,1985-05-01,Konrad,Paydon
bbanishevitz6t,nimZ8GUHs9,2015-09-28,Bryce,Banishevitz
ptessier6u,rVJKiQ,1950-11-23,Pepi,Tessier
awaldocke6v,uxIKoaGtNWF,1974-12-26,Ambrose,Waldocke
ktreece6w,tskGJnmXLV,2017-02-08,Krishnah,Treece
hgransden6x,OoGyCKX,2010-05-07,Harwilll,Gransden
cambrois6y,7p19Y92X5,1960-11-27,Chadwick,Ambrois
aairdrie6z,KTpRqLHC,1972-06-15,Alica,Airdrie
ofontenot70,hooJZ6zSMe,1983-09-29,Olly,Fontenot
rblew71,hv6UTfBeX,1970-06-28,Randi,Blew
rsheardown72,afL2Ftrg,1967-02-15,Rupert,Sheardown
emidford73,ETHRLjFVkHd7,1982-06-07,Edwin,Midford
mpeschke74,47ztJpn,1972-06-25,Merrel,Peschke
rhaskew75,BVmta9YzBEcF,1977-02-08,Roxanne,Haskew
alamberth76,sTtCHC9gg9w,1961-03-26,Adelind,Lamberth
talthrope77,2zSqly2WGMc,2014-02-21,Tani,Althrope
dpoltone78,OZjA5c,1958-12-16,Debora,Poltone
mlampert79,uSvfGpA0nRF,1983-06-05,Michaella,Lampert
afinnick7a,P7lCi04p,1996-11-09,Andra,Finnick
lcoppen7b,XKYBN6ohTz,1976-06-05,Lacy,Coppen
gburston7c,XRhqNWnwrvs,1972-06-28,Gil,Burston
emaryon7d,xVHj6NDp,2011-09-24,Elie,Maryon
alongbone7e,MojRxT53zvs4,1977-11-01,Abbot,Longbone
bbampkin7f,nsKxWpF0ymiZ,1988-09-15,Bradford,Bampkin
cwigley7g,CJjCwa1bgGtR,1990-10-04,Cora,Wigley
cwride7h,5o2rts65aq,1952-08-27,Cthrine,Wride
aspellman7i,sXAei2xeYB9D,1988-03-08,Arnuad,Spellman
msewart7j,qvmG7ldxe5,1974-03-24,Morgan,Sewart
avauter7k,VcWgiddiR,1998-07-02,Allyce,Vauter
pmedforth7l,uZTdYM0Uqi,1993-08-29,Phillis,Medforth
wkemmet7m,ZKXUjXX2Rx,2013-02-28,Walker,Kemmet
gbiggadike7n,X7idIH5YLmxm,1968-09-20,Gabriello,Biggadike
mkrabbe7o,NxMWoY6ogH9,2007-10-11,Monah,Krabbe
vcrewe7p,FE3kx2v5GD,1965-05-19,Vi,Crewe
cohollegan7q,91ilwjz,1994-05-27,Christen,O'Hollegan
eshiell7r,he39rocJUF0,1978-06-03,Emilio,Shiell
kmelley7s,BarIv66gXN,1962-03-08,Kary,Melley
dsonley7t,2wQY16,1964-11-16,Deeyn,Sonley
mmccathie7u,vnPdtwgfDXK,1981-03-31,Marji,McCathie
rbawles7v,QZEXk74GR3,2010-09-13,Roxanne,Bawles
nbirtchnell7w,E71Jtxb3V,1985-10-06,Norby,Birtchnell
rrouf7x,8or42YhgT,1958-02-06,Rodrique,Rouf
mlewty7y,Pt5E37,1959-05-18,Misha,Lewty
rheathwood7z,nbxvgDJvS,1967-11-07,Rona,Heathwood
glorant80,VV5h515,1968-10-07,Gwyn,Lorant
msproston81,q7zNm9UZVk16,1957-01-11,Marissa,Sproston
ehasluck82,ldzjge6,1951-09-15,Eustacia,Hasluck
tautrie83,G7oZICo1,1976-03-04,Tarrah,Autrie
vlennon84,7QRHn9wn,1951-07-01,Vicki,Lennon
erosten85,skRD72ER1NYM,1999-09-27,Eberto,Rosten
triley86,G7rKdmk0,1974-10-19,Tressa,Riley
afavell87,1zf1ycII7wo,1978-05-21,Arnie,Favell
rfargher88,Jiuea0E,2007-11-20,Rab,Fargher
byesichev89,0uwGolfxKLC,2003-08-12,Bird,Yesichev
astieger8a,iPIJ6PtsMd1I,1981-06-30,Ariella,Stieger
dmeaden8b,IlQvSDL,1956-03-15,Dave,Meaden
gchadwell8c,1pb1cvUIQAdI,1970-01-08,Ginelle,Chadwell
lmanach8d,3Jq0IEbXp5y,1958-10-21,Lothaire,Manach
tpitson8e,mGvoQU,1977-05-21,Tallia,Pitson
obarkess8f,ao97TIpP3y,1951-10-20,Ola,Barkess
amcdermot8g,OK0QEcuyEDez,2011-05-26,Adorne,McDermot
ldurston8h,Z30CfTYhDiLq,1993-12-05,Loralee,Durston
ekira8i,gmXHwL8,1992-11-28,Ewell,Kira
mmidden8j,9NKqfM7CMEQ,1970-04-01,Marion,Midden
cshaylor8k,7EsrEMScg9O,1979-03-07,Concordia,Shaylor
ahelin8l,adlULz,1959-02-02,Ardyce,Helin
fouver8m,rEIbTL,2013-07-28,Fara,Ouver
jbroadway8n,L4QQADUg2GV,1993-02-01,Jonah,Broadway
fharland8o,mmGPixDAYy,1974-05-01,Florina,Harland
bkermon8p,qzMxEw2AvkF,1975-12-18,Babara,Kermon
ofeye8q,sjXHPECa,1980-08-20,Obed,Feye
klansdown8r,Q2XpjIXxMXh,1960-08-16,Ketty,Lansdown
arikard8s,LAnZT56Rj,1960-05-01,Austina,Rikard
ibrauninger8t,JNyLWhAiLtc,1958-05-14,Ivan,Brauninger
cmachen8u,FHNKQ5u,1971-06-30,Charley,Machen
npepperd8v,9tc6emwzLo,2001-04-04,Norby,Pepperd
lmaccauley8w,EZgUEm4pXYXS,1995-07-26,Letizia,MacCauley
sgransden8x,6umJN0H,1967-04-11,Shannon,Gransden
moclovan8y,ihkVjg,1975-08-26,Marlee,O' Clovan
csansum8z,aLF6cq0rOl,1967-01-30,Clerkclaude,Sansum
khavoc90,wMfiaNt,2013-12-30,Kore,Havoc
pkunzler91,rfkuyQxU8,1993-04-13,Penrod,Kunzler
lbruster92,NaTpls,2006-01-18,Lulu,Bruster
kchild93,dLRUuk6i1pM,1996-10-21,Kaleb,Child
lregus94,h1DWuzv5PP,1978-08-15,Liz,Regus
sewbanks95,yP9TWHW8UXO,1967-03-11,Starlene,Ewbanks
bwinsome96,hYveZ7,1976-03-18,Banky,Winsome
nmcgeever97,xvmp8yp6M,2016-03-28,Nichole,McGeever
pmewitt98,SjSYgVfx,2010-03-21,Philomena,Mewitt
tvasey99,WpJ17Xiye,1998-08-14,Tonia,Vasey
hniles9a,cnsgZFy22S,1972-07-11,Herby,Niles
mroglieri9b,s1j1SIc,1958-07-14,Mira,Roglieri
jjiroutek9c,O1m1by,1968-09-01,Janette,Jiroutek
dravenshear9d,OnQ9JQ2,1991-10-22,Desi,Ravenshear
bcantrell9e,JnGWHW01fa,1973-07-26,Bradney,Cantrell
wpharoah9f,aeHPmF,1953-01-29,Wes,Pharoah
swinfindale9g,6VHY8t,1984-01-07,Sterling,Winfindale
aphilipps9h,upP4j976JB,2004-06-24,Addi,Philipps
rbattle9i,SpHGVFzCv1,2014-03-12,Rex,Battle
amandell9j,TY1adx15v,1988-06-07,Ahmed,Mandell
kclarabut9k,VBnTua,2013-10-06,Karoly,Clarabut
gmckibben9l,M8OHKLZcM,1982-10-22,Giraldo,McKibben
htoseland9m,wqHyz4tg,1983-01-17,Homere,Toseland
bstirrup9n,q1PNq9R,1979-08-06,Brew,Stirrup
ksoames9o,PRHXLj2cpYb,1995-05-20,Krystalle,Soames
remlyn9p,mBOO6PBqTG,1989-06-09,Raeann,Emlyn
rpledge9q,jZTbvtue,1972-10-02,Rhiamon,Pledge
lgonnelly9r,tIGCA3897,2000-07-10,Lurette,Gonnelly
aivanishchev9s,jc9ZE4,1988-10-19,Aryn,Ivanishchev
fwainer9t,Il9Fdes,1975-12-23,Ferdinand,Wainer
dkail9u,226gXWG,1969-11-12,Dorolisa,Kail
jsainer9v,nCGRUxg7z,1986-08-21,Jasmine,Sainer
ecornier9w,lieST7smvk,1985-07-24,Emmanuel,Cornier
lkubach9x,sYu6SX,1965-11-10,Lanie,Kubach
zboc9y,gTGelyTwry9,2003-09-07,Zerk,Boc
rrosterne9z,9lmRjTMK,2007-04-21,Rosanna,Rosterne
bsantoroa0,jv7CsU516,1988-11-22,Bastien,Santoro
cskottlea1,0bs12qqu,2001-03-06,Chelsae,Skottle
daughtona2,zxy1dnUde,1978-05-23,Daryl,Aughton
chollyarda3,9mMC7VK,1963-04-07,Cathlene,Hollyard
abockmanna4,7ST2Rl9,1982-10-20,Aubrey,Bockmann
nespa5,G7b0P3yAZsl,1971-11-01,Nina,Esp
alottringtona6,QbeUOP,2004-04-06,Andrea,Lottrington
lneatha7,WeHT3Wp,2008-01-28,Lorelei,Neath
rduestera8,pq5VNtDS,2000-06-18,Rochette,Duester
mwillischa9,2ULWXqg,1998-01-29,Monah,Willisch
fgilesaa,gUNOQ7Vbf,1996-03-03,Flin,Giles
hturvilleab,EtCWBaidn,1976-10-12,Hamilton,Turville
kforryanac,Mz2J96Lou,1975-08-03,Kassia,Forryan
dghidottiad,h3c9LhgKy,1952-10-08,Dene,Ghidotti
gdobrovskyae,FpmkuBCn,2010-05-04,Gene,Dobrovsky
mkennairdaf,hvxKFd,1965-06-27,Maryellen,Kennaird
sbassamag,PLBOhFu92S,2002-05-02,Spencer,Bassam
gbenerah,QamoEQXpN,1956-02-06,Gorden,Bener
cmouserai,05uy2DR,2001-04-27,Charlene,Mouser
apernellaj,AZWbks,1961-06-17,Ad,Pernell
moattesak,F9WHLiWvflT,1959-06-07,Moe,Oattes
thatwellal,GJY19PzBO,1956-10-13,Tom,Hatwell
dquiddingtonam,ycLQochZWGfG,1974-06-28,Dulcine,Quiddington
rrutledgean,IS7R8py3G,1974-06-18,Roze,Rutledge
nklinerao,35R4k7YTbIZ,1967-01-15,Netty,Kliner
mwelfordap,1ti5V1H65,1981-04-01,Morten,Welford
ltebbuttaq,3rgt2a,2002-02-24,Lizzie,Tebbutt
rmcknielyar,H4X1Bo3zeUV,1987-08-10,Randal,McKniely
slyttonas,UsiTJJG,1981-10-28,Suellen,Lytton
byglesiasat,FezP424BHREN,1991-07-25,Brady,Yglesias
ttipensau,IvEFBX,1983-10-05,Trudi,Tipens
mkobierskiav,BaQedx,1987-02-16,Meggy,Kobierski
rmaciunasaw,Va3rPV8Sqhzq,1972-03-06,Rebbecca,Maciunas
tcaizleyax,ijPHrdLq,1956-07-17,Toma,Caizley
aoldfieldcherryay,o6SWd4ACt,1996-11-15,Adelina,Oldfield-Cherry
eduesberryaz,3l4UqOGFB,1977-12-04,Erica,Duesberry
sbrokenshawb0,aHbSloa2S6VR,1957-05-03,Shaun,Brokenshaw
jzecchib1,L1GVX9wappZ,2001-02-05,Josh,Zecchi
wboughtwoodb2,C3kTLz,1998-08-06,Walliw,Boughtwood
mjakubowskyb3,x9fI4osibQ,1953-05-09,Merla,Jakubowsky
rziemensb4,SQ23cNs,1974-07-08,Randolph,Ziemens
battenbarrowb5,ENIsncvMWiP,2014-06-18,Barnett,Attenbarrow
bitzkovb6,sFQrhsip,1987-08-08,Britte,Itzkov
fusherwoodb7,Cfx13Wc,2000-09-19,Fabiano,Usherwood
edenricob8,JM3zaSFlTGvy,2000-01-31,Emlynn,D'Enrico
jforresterb9,rJxFmGW,1951-12-25,Jed,Forrester
egriffinba,j2xTNOUtM27l,2003-01-30,Edita,Griffin
cstonallbb,llqMW1,1982-03-15,Cullie,Stonall
pboogbc,g6xyWQq2U,1970-05-16,Pancho,Boog
aebbersbd,H1MT8Ws,1985-12-01,Alis,Ebbers
iscreatonbe,Nth145,1994-05-31,Ibby,Screaton
mgonninbf,hW05Ulut0k,1950-12-25,Mischa,Gonnin
dtrenbaybg,IVLTACtzYe5,1971-05-02,Darin,Trenbay
aavisonbh,6UYcTrbL6,1957-03-01,Aloysius,Avison
etirrellbi,lxITtSOoYC,1988-08-22,Estevan,Tirrell
aklampkbj,Nmm3jTMJXPdF,1968-05-18,Anthiathia,Klampk
fdukesbk,V4f9HVwQSR,1952-06-04,Fergus,Dukes
gtuckerbl,tA5EfJh,1979-08-03,Gavra,Tucker
gtidmasbm,zPUh0s,2013-05-21,Ginnifer,Tidmas
jloaderbn,ZxEBO5VO,1977-11-22,Jo,Loader
mdeaconbo,TEgXhw0,1955-09-14,Mariam,Deacon
dcruftsbp,D0FycXu5V1T,1977-07-07,Damita,Crufts
swindasbq,dtbIoFbw27,1972-05-12,Sabina,Windas
ydolderbr,yZaSSgUEKP,1984-01-14,Yettie,Dolder
croloffbs,yqBhT2UGII6,2007-08-04,Chery,Roloff
sburhousebt,62fKGMkf,1961-04-21,Silvano,Burhouse
ebaggotbu,tlOvCZDj,1988-11-20,Erika,Baggot
lyeskovbv,U6KFFIRaGjG,2006-02-25,Loren,Yeskov
oickoviczbw,fzOooR6ATT,1962-07-06,Oswell,Ickovicz
cthorneyworkbx,KpT9neSyx7s,1981-03-12,Constancia,Thorneywork
egittingsby,mg9rIebkticM,1959-12-03,Edouard,Gittings
rcuellbz,eMan6jr87AE0,1968-09-21,Rayshell,Cuell
tmiroyc0,yybuq7jCGz,1975-03-29,Thatch,Miroy
tarnallc1,EAYyX3iRVH,2005-12-18,Tripp,Arnall
ecanterac2,SD8kkhX,1990-07-25,Edith,Cantera
lchoatc3,2M4VVUdw,1954-12-16,Lauralee,Choat
relmesc4,PiAv4HfKJS,1965-09-27,Rory,Elmes
bjobesc5,Cqshl8o,1990-04-16,Bartolomeo,Jobes
mjaquemec6,7bHvR5g,1978-02-22,Magda,Jaqueme
wbrundillc7,16G7baLWD,1961-06-04,Winifield,Brundill
wrawstornec8,wdo0y5ltROl,1979-09-15,Woody,Rawstorne
ldeacockc9,iP4MQoB,1956-12-01,Luther,Deacock
sbullanca,Wb3m5iT,1953-04-27,Sigmund,Bullan
dpopeleycb,wEHt5Mf6hugx,1985-01-04,Devora,Popeley
mdakerscc,QLpuOUsyfd,2011-04-12,Madelaine,Dakers
ewyrecd,dQPWza,1953-11-12,Elka,Wyre
sbrazce,0BwzC7,1959-07-20,Sibby,Braz
fmaundrellcf,xCIiZZYu,1953-06-03,Fletcher,Maundrell
thearsumcg,K89JPo4K,1990-02-02,Teddi,Hearsum
bmccobbch,p1iSFlpRP,2009-11-24,Bernette,McCobb
bclibberyci,NvjxZZr,1992-09-13,Brittni,Clibbery
smethingamcj,K1LUFqanvzK,1971-06-13,Sibilla,Methingam
tspitellck,bfA3y2WEn6d,1959-12-14,Tricia,Spitell
bnorkuttcl,QeNkqd3,2015-03-23,Bailey,Norkutt
nbroshcm,i572tpRF,2003-11-30,Nelson,Brosh
ttancockcn,sEPep4Jf3g1M,1979-06-26,Tansy,Tancock
cspelsburyco,H907wFiYq,1984-01-19,Carina,Spelsbury
kbeurichcp,qkLuyg,1979-06-09,Kellia,Beurich
colennikovcq,uIafQhM3CBGD,1998-04-13,Clemmie,Olennikov
apickthorncr,gKj4QX9hz63s,1979-08-30,Alane,Pickthorn
sbayleycs,BCESE3CNfX,1954-11-14,Solly,Bayley
nmaccaheyct,PZ3LWymD,2004-04-19,Nonah,MacCahey
sblitzcu,I2ILANECvXv,1992-07-06,Susannah,Blitz
sbrientcv,gOj6Mw8,1968-10-03,Shae,Brient
cfawloecw,Y7HYhk,2008-02-17,Caron,Fawloe
lsoopercx,yzpT326xRy5q,1965-03-03,Lisa,Sooper
hstartoncy,dnUn5Zp,1998-02-26,Hillie,Starton
ajachimakcz,v0Kk8DOvu,1958-09-15,Adiana,Jachimak
mlearmouthd0,jhW3QGY2,1997-08-01,Manolo,Learmouth
hremerd1,2SX9mpt,2015-05-04,Hamil,Remer
ntomed2,2StqkR6FCC,1978-04-10,Nerta,Tome
aketchd3,G7vXN1lQ,1981-06-22,Allyn,Ketch
mpollicottd4,f4YQTUO3,2011-04-23,Mag,Pollicott
pjobbinsd5,meY7VHjGFq1G,1990-06-05,Pansy,Jobbins
plingerd6,jeMwHGMGT,1989-10-07,Pauly,Linger
fzecchettid7,70SWOPZUs,1952-09-02,Ferguson,Zecchetti
mstonhardd8,Zk3KW4,2008-10-31,Mignonne,Stonhard
ndreierd9,te3GzotjE,1950-09-08,Noellyn,Dreier
jginglesda,4cK5hE1p,1978-12-09,Jarad,Gingles
sdunphydb,DqQOKtSpX,1956-11-16,Sheree,Dunphy
lmeedendorpedc,uEl8OTLUN,1987-01-08,Lorianna,Meedendorpe
bcrumbydd,MwjzMRgpB,1960-02-08,Broderick,Crumby
bthravesde,SAtjM09,2016-01-28,Burnaby,Thraves
tfrankedf,rkNAnq23,1966-08-17,Theressa,Franke
cdogdg,RMRvqejiNa,1970-10-19,Cher,Dog
kkernerdh,qd1tlkZ4DiUO,1986-11-29,Kevin,Kerner
kwoolnoughdi,BRBgHXmv18,1981-07-03,Kerry,Woolnough
cmadnerdj,Ny4wDVtZAmC,1956-11-27,Corrinne,Madner
acovelledk,xM891Tfe,2016-01-07,Ashlie,Covelle
rfolkesdl,8mHsERQ5,1991-07-11,Russell,Folkes
hvideandm,EpWPSyoV,1971-04-29,Hilton,Videan
rcathrodn,kbxaxZM,1981-12-23,Rafe,Cathro
klindenbluthdo,s6xXUBm2TI,1986-01-08,Kendrick,Lindenbluth
norigandp,q8dbTrWEzPC,2008-02-07,Natassia,Origan
mnovicdq,sdzVZZqoSZ,1976-05-06,Marillin,Novic
cbrabbendr,jx97G45nG,2001-08-04,Cary,Brabben
bistonds,P1fhY5BDn,2012-04-13,Becky,Iston
lculloteydt,qI4MlEh,2007-08-14,Lory,Cullotey
cfriattdu,loMgvI,1961-10-09,Christin,Friatt
mbigmoredv,vkhK3tpQ,1951-12-13,Marylinda,Bigmore
