547193107-6,Tora-san's Love Call (Otoko wa tsurai yo: Torajiro koiuta),Goschalk,535,http://dummyimage.com/201x100.png/cc0000/ffffff,Belarusian,"Hemorrhagic otitis externa, right ear"
273023332-6,Fiorile,Skunes,700,http://dummyimage.com/169x100.png/ff4444/ffffff,Czech,Laceration of adductor musc/fasc/tend right thigh
286924441-X,"Alphaville (Alphaville, une étrange aventure de Lemmy Caution)",Bassom,220,http://dummyimage.com/240x100.png/5fa2dd/ffffff,Persian,"Leakage of cardiac and vascular devices and implants, init"
250299808-5,"Man Named Pearl, A",Newe,849,http://dummyimage.com/180x100.png/ff4444/ffffff,Afrikaans,Unspecified primary angle-closure glaucoma
798683970-8,Duplicity,Edmenson,435,http://dummyimage.com/131x100.png/ff4444/ffffff,Lithuanian,"Other fracture of occiput, left side, 7thK"
584854600-2,Sgt. Pepper's Lonely Hearts Club Band,Nairn,155,http://dummyimage.com/103x100.png/dddddd/000000,West Frisian,"Ben neoplm of connctv/soft tiss of left lower limb, inc hip"
009789894-5,"West Point Story, The",Plewes,97,http://dummyimage.com/138x100.png/cc0000/ffffff,Romanian,Cocaine abuse
764377315-7,Cry 'Havoc',Sprionghall,513,http://dummyimage.com/183x100.png/ff4444/ffffff,Lao,Tension-type headache
428661447-6,"Royal Affair, A (Kongelig affære, En)",Knowller,750,http://dummyimage.com/149x100.png/cc0000/ffffff,Georgian,Other intraoperative complications of digestive system
491677842-1,"Edge, The",Benedek,568,http://dummyimage.com/192x100.png/ff4444/ffffff,Belarusian,"Nondisplaced oblique fracture of shaft of right ulna, init"
879294502-3,Spin,Marlin,875,http://dummyimage.com/124x100.png/5fa2dd/ffffff,Danish,Malignant neoplasm of temporal lobe
048437436-2,Up the River,Skaid,369,http://dummyimage.com/179x100.png/cc0000/ffffff,German,"Inj musc/fasc/tend at forearm level, unsp arm, sequela"
017463153-7,"When You Comin' Back, Red Ryder?",Tomisch,705,http://dummyimage.com/131x100.png/cc0000/ffffff,Papiamento,Congenital ectropion
088080550-1,Meet the Deedles,Enriques,131,http://dummyimage.com/219x100.png/dddddd/000000,Japanese,"Oth fx of low end l rad, 7thE"
511871203-3,Hard Candy,Swyre,394,http://dummyimage.com/200x100.png/cc0000/ffffff,Montenegrin,"Unsp injury of radial artery at forarm lv, unsp arm, init"
887524280-1,Kajaki,Goose,60,http://dummyimage.com/223x100.png/cc0000/ffffff,Swati,"Drowning and submersion due to fall off passenger ship, subs"
138234069-9,Slumming,McIlvaney,605,http://dummyimage.com/129x100.png/cc0000/ffffff,Bosnian,"Maternal care for oth fetal problems, second tri, fetus 5"
147900761-7,Gleaming the Cube,Begbie,87,http://dummyimage.com/104x100.png/ff4444/ffffff,Fijian,"Displ transverse fx shaft of l femr, 7thH"
314151016-4,Mission: Impossible II,Bauld,189,http://dummyimage.com/247x100.png/ff4444/ffffff,Amharic,"Adverse effect of ganglionic blocking drugs, init encntr"
106798525-5,Three to Tango,Derby,121,http://dummyimage.com/110x100.png/ff4444/ffffff,Greek,"Aggressive periodontitis, localized, slight"
490403208-X,At the Devil's Door,Longea,147,http://dummyimage.com/105x100.png/dddddd/000000,Yiddish,"Other spondylosis, cervicothoracic region"
007716311-7,Smiles of a Summer Night (Sommarnattens leende),Payn,774,http://dummyimage.com/250x100.png/cc0000/ffffff,Portuguese,"Sltr-haris Type III physeal fx lower end of ulna, right arm"
110417085-X,"Breed, The",Alejandri,379,http://dummyimage.com/185x100.png/5fa2dd/ffffff,Arabic,"Drug-induced chronic gout, unspecified shoulder"
224943368-2,Top Gun,Bend,670,http://dummyimage.com/215x100.png/ff4444/ffffff,Polish,"Sublux of distal interphaln joint of unsp finger, sequela"
793454261-5,Black Friday,Rumming,92,http://dummyimage.com/204x100.png/cc0000/ffffff,Kurdish,"Oth physl fx upper end humer, r arm, subs for fx w malunion"
213484736-0,Man on the Moon,Allchorne,387,http://dummyimage.com/156x100.png/5fa2dd/ffffff,Malay,"Type 1 diab w prolif diab rtnop with trctn dtch n-mcla, bi"
279974670-5,"Electra, My Love (Szerelmem, Elektra)",Cliss,191,http://dummyimage.com/184x100.png/5fa2dd/ffffff,Luxembourgish,"Malig neoplm of prph nerves of unsp upper limb, inc shoulder"
414803724-4,And So It Is,Askham,783,http://dummyimage.com/107x100.png/ff4444/ffffff,Kannada,"Underdosing of antimalari/drugs acting on bld protzoa, init"
388480661-0,"Crow, The",Sleford,740,http://dummyimage.com/127x100.png/5fa2dd/ffffff,Quechua,"Poisoning by tetracyclines, undetermined"
065539172-X,"Skylab, Le",Dollard,93,http://dummyimage.com/175x100.png/5fa2dd/ffffff,Assamese,"Poisoning by methylphenidate, intentional self-harm, sequela"
755695956-2,Beverly Hills Chihuahua 2,Batrick,512,http://dummyimage.com/175x100.png/dddddd/000000,West Frisian,"Nondisp fx of shaft of 4th MC bone, l hand, 7thP"
246607575-X,Double Trouble,Crosio,554,http://dummyimage.com/237x100.png/cc0000/ffffff,Arabic,"Lac w fb of low back and pelvis w/o penet retroperiton, sqla"
727916949-X,Entre Amigos (Planta 4ª),Fuidge,51,http://dummyimage.com/184x100.png/cc0000/ffffff,Indonesian,Occup of bus injured in collision w statnry object in traf
003396783-0,"Mountain, The",Tunkin,864,http://dummyimage.com/205x100.png/ff4444/ffffff,Afrikaans,"Corrosion of unspecified degree of neck, initial encounter"
255069169-5,Leprechaun in the Hood,Tilte,308,http://dummyimage.com/161x100.png/dddddd/000000,Zulu,"Car passenger injured in clsn w 2/3-whl mv nontraf, sequela"
660442830-3,Trail of the Screaming Forehead,Salasar,419,http://dummyimage.com/227x100.png/dddddd/000000,Yiddish,"Inj intrns musc/fasc/tend r little fngr at wrs/hnd lv, subs"
969692084-9,Eastwood on Eastwood,Langlands,403,http://dummyimage.com/101x100.png/dddddd/000000,Kashmiri,"Lac w/o fb of right great toe w damage to nail, sequela"
587610065-X,Safe Men,Coaten,737,http://dummyimage.com/163x100.png/cc0000/ffffff,Romanian,"Other bursal cyst, shoulder"
546355320-3,Mass Appeal,Gumm,641,http://dummyimage.com/156x100.png/5fa2dd/ffffff,Yiddish,"Diffuse TBI w LOC >24 hr w/o ret consc w surv, subs"
710298011-6,"Musketeers of Pig Alley, The",O'Riordan,573,http://dummyimage.com/219x100.png/5fa2dd/ffffff,Finnish,"Displ transverse fx shaft of unsp rad, 7thP"
616396644-9,In This Our Life,Gori,739,http://dummyimage.com/239x100.png/cc0000/ffffff,Bislama,"Osteonecrosis due to drugs, unspecified shoulder"
135656365-1,"Agony and the Ecstasy of Phil Spector, The",Haslock(e),526,http://dummyimage.com/203x100.png/ff4444/ffffff,Montenegrin,"Expsr to chng in air pressure in arcrft during descent, init"
295819728-X,Firewall,Nettle,701,http://dummyimage.com/119x100.png/cc0000/ffffff,Kannada,Posterior dislocation of unspecified acromioclavicular joint
456147735-7,Stuck on You,Baddow,125,http://dummyimage.com/239x100.png/5fa2dd/ffffff,Portuguese,"Abrasion of right eyelid and periocular area, subs encntr"
138018432-0,"Grudge, The",Towler,412,http://dummyimage.com/206x100.png/cc0000/ffffff,Romanian,"Enteropathic arthropathies, left hand"
308225497-7,Back to Bataan,Lammerich,622,http://dummyimage.com/207x100.png/dddddd/000000,Punjabi,"Egg (Oocyte) donor under age 35, designated recipient"
956403293-8,Kiki,McGaugie,339,http://dummyimage.com/146x100.png/cc0000/ffffff,Hebrew,"Other juvenile osteochondrosis of hip and pelvis, unsp leg"
595321766-8,Dhobi Ghat,Shermore,412,http://dummyimage.com/244x100.png/5fa2dd/ffffff,Lao,Unspecified injury of intercostal blood vessels
159657078-4,Noam Chomsky: Distorted Morality,Cowl,138,http://dummyimage.com/226x100.png/ff4444/ffffff,Dhivehi,"Nondisp transverse fx shaft of l femr, 7thC"
874821678-X,Critical Condition,Hinkens,127,http://dummyimage.com/178x100.png/5fa2dd/ffffff,Punjabi,"Insect bite (nonvenomous) of other finger, initial encounter"
298622490-3,Filming 'Othello',Yanson,403,http://dummyimage.com/224x100.png/5fa2dd/ffffff,Estonian,"Hemophthalmos, unspecified eye"
151041795-8,Light the Fuse... Sartana Is Coming,Hedderly,234,http://dummyimage.com/190x100.png/ff4444/ffffff,Bulgarian,"Sltr-haris Type II physl fx low end unsp femr, 7thD"
804079866-3,Millennium,Naden,605,http://dummyimage.com/217x100.png/dddddd/000000,Kurdish,Insect bite (nonvenomous) of left upper arm
613264937-9,Summer of the Monkeys,Aspinwall,171,http://dummyimage.com/172x100.png/ff4444/ffffff,Belarusian,"Nondisp transverse fx shaft of r rad, 7thN"
999911538-1,"Blue Lagoon, The",Zieme,785,http://dummyimage.com/214x100.png/5fa2dd/ffffff,Aymara,"Laceration of blood vessels at wrs/hnd lv of left arm, init"
642898516-0,Labyrinth,Norsworthy,171,http://dummyimage.com/237x100.png/5fa2dd/ffffff,Japanese,"Pain in limb, unspecified"
107492435-5,Window to Paris (Okno v Parizh),Shankster,732,http://dummyimage.com/114x100.png/5fa2dd/ffffff,Tok Pisin,"Contusion of right ring finger w/o damage to nail, init"
686317412-X,Cobra,Stirgess,868,http://dummyimage.com/164x100.png/dddddd/000000,Aymara,"Dislocation of other parts of thorax, subsequent encounter"
246193117-8,"Misérables, Les",Steers,665,http://dummyimage.com/219x100.png/ff4444/ffffff,Quechua,"Inj right quadriceps muscle, fascia and tendon, sequela"
056696631-X,Ju-on: The Beginning of the End (Ju-on: Owari no hajimari),Raggatt,560,http://dummyimage.com/135x100.png/ff4444/ffffff,Tamil,"Pathological fracture in oth disease, right ulna, init"
935334537-5,Over My Dead Body,Toomey,274,http://dummyimage.com/158x100.png/cc0000/ffffff,Lao,"Nondisp seg fx shaft of l femr, 7thM"
959077889-5,Women in Love,Imrie,695,http://dummyimage.com/121x100.png/dddddd/000000,Malay,"Dust storm, subsequent encounter"
883303121-7,"Parade, The (Parada)",Hegerty,676,http://dummyimage.com/149x100.png/dddddd/000000,Bulgarian,"Infect/inflm reaction due to int fix of right femur, sequela"
484210072-9,The Mystery of the Leaping Fish,Hendricks,672,http://dummyimage.com/137x100.png/5fa2dd/ffffff,Khmer,Drown due to falling or jumping from unsp burning watercraft
512861780-7,My Father and My Son (Babam ve oglum),Huck,663,http://dummyimage.com/152x100.png/5fa2dd/ffffff,Hebrew,"Complete lesion of L1 level of lumbar spinal cord, subs"
000492106-2,Chato's Land,Brogi,896,http://dummyimage.com/167x100.png/5fa2dd/ffffff,Tswana,"Regular astigmatism, bilateral"
113233916-2,King Arthur,Maffioni,335,http://dummyimage.com/193x100.png/dddddd/000000,Italian,Scleromalacia perforans
295857113-0,Don't Tell Mom the Babysitter's Dead,Pallatina,862,http://dummyimage.com/235x100.png/5fa2dd/ffffff,Lao,"Unspecified infantile and juvenile cataract, bilateral"
146358881-X,"Hurricane, The",Basford,62,http://dummyimage.com/237x100.png/ff4444/ffffff,Norwegian,"Traumatic amputation of foot, level unspecified"
016782449-X,If Only,Gero,782,http://dummyimage.com/185x100.png/5fa2dd/ffffff,Indonesian,"Fuchs' heterochromic cyclitis, unspecified eye"
572562530-3,Trailer Park Boys: Live at the North Pole,Loveguard,225,http://dummyimage.com/145x100.png/cc0000/ffffff,Tajik,"Disp fx of 2nd metatarsal bone, l ft, 7thD"
825080562-3,Desperate Measures,Bedome,603,http://dummyimage.com/250x100.png/5fa2dd/ffffff,Danish,Eversion of right lacrimal punctum
869366759-9,Get Shorty,Leckie,613,http://dummyimage.com/160x100.png/cc0000/ffffff,Bengali,"Stress fracture, pelvis and femur"
177121233-0,12 Years a Slave,Steade,463,http://dummyimage.com/110x100.png/cc0000/ffffff,Mongolian,Prsnl hx of congen malform of nervous sys and sense organs
842186451-3,Creep,Josefer,409,http://dummyimage.com/200x100.png/5fa2dd/ffffff,Luxembourgish,"Oth nondisp fx of base of first MC bone, unsp hand, sequela"
797632613-9,"Insect Woman, The (Nippon konchûki)",Balme,780,http://dummyimage.com/250x100.png/cc0000/ffffff,Korean,"Fb in oth and multiple parts of external eye, unsp eye"
762388423-9,Shaolin (Xin shao lin si),Ivanyukov,605,http://dummyimage.com/121x100.png/ff4444/ffffff,Romanian,"Tox eff of unsp halgn deriv of aromat hydrocrb, asslt, sqla"
719286801-9,Halloweentown II: Kalabar's Revenge,Plesing,246,http://dummyimage.com/107x100.png/dddddd/000000,Guaraní,"Displ transverse fx shaft of r rad, init for opn fx type I/2"
617279702-6,Crude,Edinburough,535,http://dummyimage.com/183x100.png/cc0000/ffffff,Telugu,"Other superficial bite of unsp external genital organs, male"
259162079-2,Welcome to New York,Cockett,122,http://dummyimage.com/198x100.png/cc0000/ffffff,French,Unspecified abdominal pain
458622811-3,Blow Out,Gave,418,http://dummyimage.com/171x100.png/dddddd/000000,Korean,"Contusion of unsp external genital organ, female, subs"
272546069-7,The Missionaries,Medmore,267,http://dummyimage.com/199x100.png/ff4444/ffffff,Georgian,"Sltr-haris Type II physeal fx lower end radius, left arm"
635640749-2,Outbreak,Eberlein,259,http://dummyimage.com/204x100.png/ff4444/ffffff,Kannada,Personal history of sex reassignment
222089161-5,Clifford,Sawley,898,http://dummyimage.com/197x100.png/dddddd/000000,Luxembourgish,"Inj musc/tend peroneal grp at lower leg level, right leg"
725324422-2,Tepenin Ardi,Glassard,367,http://dummyimage.com/180x100.png/cc0000/ffffff,Portuguese,"Subluxation of interphaln joint of right great toe, subs"
689891377-8,Birth of the Living Dead,Scalia,623,http://dummyimage.com/234x100.png/5fa2dd/ffffff,Tetum,Corrosion of second degree of scapular region
614018722-2,Barfi!,Rotte,149,http://dummyimage.com/104x100.png/dddddd/000000,French,Other dysplasia of prostate
957751227-5,Home Alone 3,Brydon,375,http://dummyimage.com/100x100.png/dddddd/000000,Malay,"Breakdown of implnt elec nstim of prph nrv lead, subs"
845619657-6,Santa Claus,Trahar,529,http://dummyimage.com/131x100.png/ff4444/ffffff,Nepali,"Pasngr on bus injured in clsn w statnry object nontraf, init"
664899831-8,Absurdistan,Flood,751,http://dummyimage.com/249x100.png/ff4444/ffffff,Ndebele,Drown due to being thrown ovrbrd by motion of power wtrcrft
193213740-8,All About Steve,Espina,685,http://dummyimage.com/190x100.png/cc0000/ffffff,Hiri Motu,"Unsp disp fx of surg nk of r humer, subs for fx w routn heal"
377792608-6,Jesse Stone: Benefit of the Doubt,Tax,563,http://dummyimage.com/201x100.png/5fa2dd/ffffff,Azeri,"Nondisp fx of dist phalanx of unsp great toe, 7thG"
596247243-8,A Mulher Invisível,Goosey,426,http://dummyimage.com/172x100.png/dddddd/000000,West Frisian,"Nondisp fx of prox phalanx of fngr, subs for fx w routn heal"
615199840-5,"Grand Seduction, The",Sparshutt,481,http://dummyimage.com/149x100.png/cc0000/ffffff,Estonian,Intestine transplant rejection
106792825-1,Dans la peau d'une grande,Pitrasso,31,http://dummyimage.com/130x100.png/ff4444/ffffff,Bislama,"Maternal care for hydrops fetalis, second trimester, fetus 2"
645062249-0,Chapter Two,Gabbitus,478,http://dummyimage.com/153x100.png/ff4444/ffffff,Catalan,"Unspecified injury of face, initial encounter"
898103942-9,Billy Jack,Wraith,102,http://dummyimage.com/168x100.png/cc0000/ffffff,Macedonian,"Other derangements of patella, unspecified knee"
302495907-6,Om Shanti Om,Meffin,738,http://dummyimage.com/110x100.png/dddddd/000000,Ndebele,Other and unspecified encephalopathy
602296538-1,"Hi-Lo Country, The",Pie,630,http://dummyimage.com/242x100.png/dddddd/000000,Kurdish,Other disorders of muscle tone of newborn
995851071-5,Napoleon Dynamite,Kimberley,202,http://dummyimage.com/218x100.png/ff4444/ffffff,Telugu,Carrier of bacterial disease due to streptococci
544624272-6,"Wendell Baker Story, The",Arson,31,http://dummyimage.com/178x100.png/ff4444/ffffff,Finnish,"Infect/inflm reaction due to int fix of l humerus, sequela"
401033853-9,"Dolly Sisters, The",Checkley,176,http://dummyimage.com/235x100.png/dddddd/000000,Mongolian,"Paralytic calcifcn and ossification of muscle, lower leg"
476974049-2,Every Stewardess Goes to Heaven (Todas las azafatas van al cielo),Alywen,514,http://dummyimage.com/161x100.png/dddddd/000000,Mongolian,"Displ transverse fx shaft of l ulna, 7thM"
210864981-6,Dr. No,Hans,54,http://dummyimage.com/143x100.png/5fa2dd/ffffff,Croatian,"Age-rel osteopor w current path fx, unsp shoulder, sequela"
734525613-8,Gold Diggers: The Secret of Bear Mountain,Lushey,493,http://dummyimage.com/142x100.png/cc0000/ffffff,Latvian,"Burn of third degree of other site of trunk, subs encntr"
335597658-X,Fagbug,Kener,671,http://dummyimage.com/155x100.png/5fa2dd/ffffff,New Zealand Sign Language,"Laceration of intercostal blood vessels, right side"
645528289-2,"Loves of Carmen, The",Catford,400,http://dummyimage.com/138x100.png/ff4444/ffffff,Japanese,"Pnctr w foreign body of unsp toe(s) w/o damage to nail, init"
501827626-6,My Name Is Nobody (Il Mio nome è Nessuno),Geindre,231,http://dummyimage.com/200x100.png/5fa2dd/ffffff,Croatian,Toxic effect of venom of other Australian snake
298981619-4,Amistad,Yirrell,308,http://dummyimage.com/124x100.png/ff4444/ffffff,Oriya,Abdominal distension (gaseous)
575249966-6,"Long Day Closes, The",Valeri,42,http://dummyimage.com/153x100.png/cc0000/ffffff,Ndebele,"Fourth [trochlear] nerve palsy, bilateral"
311753196-3,Ride Beyond Vengeance,Baumadier,175,http://dummyimage.com/226x100.png/cc0000/ffffff,Moldovan,"Lacerat flexor musc/fasc/tend r mid fngr at wrs/hnd lv, subs"
559110478-9,"Onion Field, The",Gartenfeld,149,http://dummyimage.com/243x100.png/ff4444/ffffff,Maltese,Concussion with loss of consciousness of 30 minutes or less
440049841-7,Stage Beauty,Huxley,96,http://dummyimage.com/109x100.png/cc0000/ffffff,Azeri,"Toxic effect of methanol, assault, sequela"
493201237-3,"Tree Grows in Brooklyn, A",Heppner,161,http://dummyimage.com/198x100.png/cc0000/ffffff,Burmese,"Asphyx due to being trapped in bed linens, self-harm, init"
332905581-2,"Crude Oasis, The",Southorn,739,http://dummyimage.com/216x100.png/cc0000/ffffff,Catalan,Toxic effect of venom of gila monster
397243738-2,Finian's Rainbow,Ralston,599,http://dummyimage.com/110x100.png/dddddd/000000,Tswana,"Other sprain of left elbow, sequela"
907506178-1,Buddy,MacCahee,580,http://dummyimage.com/134x100.png/ff4444/ffffff,Lithuanian,"War operations involving oth conventional warfare, civilian"
518615761-9,Sarraounia,Dielhenn,275,http://dummyimage.com/152x100.png/ff4444/ffffff,Finnish,"Oth injury of dorsal vein of unspecified foot, init encntr"
972407057-3,Dark Water,Harsnep,254,http://dummyimage.com/216x100.png/ff4444/ffffff,Bosnian,"Underdosing of rifampicins, initial encounter"
386689543-7,Park Row,Elener,584,http://dummyimage.com/199x100.png/cc0000/ffffff,Haitian Creole,Injured by rotating propeller
691741995-8,"Steamroller and the Violin, The (Katok i skripka)",Arondel,175,http://dummyimage.com/138x100.png/cc0000/ffffff,Tswana,Acquired absence of unspecified finger(s)
000750709-7,Two Much,Richten,534,http://dummyimage.com/225x100.png/dddddd/000000,Tok Pisin,"Posterior dislocation of left hip, initial encounter"
073689362-8,Case départ,Kiddye,590,http://dummyimage.com/126x100.png/ff4444/ffffff,Gujarati,"Crushing injury of right index finger, subsequent encounter"
213902203-3,Hurry Sundown,Wraight,374,http://dummyimage.com/130x100.png/cc0000/ffffff,Assamese,Secondary carcinoid tumors
592898862-1,Batman Begins,Gatley,748,http://dummyimage.com/100x100.png/5fa2dd/ffffff,Belarusian,"Hit by falling object due to accident to fishing boat, subs"
976721375-9,Fear and Loathing in Las Vegas,Musico,471,http://dummyimage.com/126x100.png/ff4444/ffffff,Afrikaans,"Unsp superficial injury of unspecified finger, sequela"
342554565-5,White Noise 2: The Light,Sadat,400,http://dummyimage.com/184x100.png/5fa2dd/ffffff,Assamese,"Drug-induced chronic gout, left hip, with tophus (tophi)"
202819327-1,Criminal,Celier,607,http://dummyimage.com/217x100.png/5fa2dd/ffffff,Amharic,"Oth generalized epilepsy, not intractable"
961107577-4,Little Big Man,Tothe,233,http://dummyimage.com/121x100.png/cc0000/ffffff,Hebrew,"Disp fx of dist pole of navic bone of r wrs, 7thK"
149880109-9,The Loft,Pettigree,588,http://dummyimage.com/110x100.png/ff4444/ffffff,French,Sibling rivalry
245283915-9,Francis,Mobley,392,http://dummyimage.com/150x100.png/ff4444/ffffff,Luxembourgish,"Foreign body in vulva and vagina, subsequent encounter"
374925861-9,Hostel,Tartt,824,http://dummyimage.com/154x100.png/5fa2dd/ffffff,Greek,"Oth fx upr end unsp ulna, 7thM"
478479786-6,Titanic Town,Wadforth,340,http://dummyimage.com/165x100.png/ff4444/ffffff,Thai,"Open bite of pharynx and cervical esophagus, subs encntr"
914567841-3,"Hunchback of Notre Dame, The",Ferschke,404,http://dummyimage.com/139x100.png/cc0000/ffffff,Estonian,Comminuted fracture of shaft of femur
789362368-3,Tell Them Willie Boy is Here,Silverton,478,http://dummyimage.com/195x100.png/dddddd/000000,Kashmiri,"Orbital myositis, bilateral"
815491853-6,Girl 6,Carrabott,431,http://dummyimage.com/233x100.png/ff4444/ffffff,Papiamento,"Adverse effect of mixed bact vaccines w/o a pertuss, init"
865843128-2,"Time Masters (Maîtres du temps, Les)",Duckerin,542,http://dummyimage.com/154x100.png/cc0000/ffffff,Dhivehi,"Oth fx of low end unsp rad, 7thR"
350373960-2,China Blue,Versey,685,http://dummyimage.com/125x100.png/cc0000/ffffff,Moldovan,"Oth fx upr & low end r fibula, 7thF"
992704612-X,"Bikini Carwash Company, The",Faherty,347,http://dummyimage.com/119x100.png/5fa2dd/ffffff,Macedonian,"External constriction of nose, sequela"
233889567-3,Forest of Bliss,Hadkins,42,http://dummyimage.com/237x100.png/cc0000/ffffff,Northern Sotho,"Milt op w fragmt of improv explosv device, milt, init"
243465313-8,She's Gotta Have It,Ainsbury,716,http://dummyimage.com/140x100.png/5fa2dd/ffffff,Guaraní,"Unsp dislocation of left sternoclavicular joint, init encntr"
589917098-0,Genocide (Konchû daisensô),Measham,221,http://dummyimage.com/115x100.png/dddddd/000000,French,Cerebral infrc due to thombos of bilateral carotid arteries
655921696-9,"Movie, A",Losel,106,http://dummyimage.com/146x100.png/ff4444/ffffff,Quechua,"Sltr-haris Type II physl fx low end unsp femr, 7thK"
492670987-2,Hospital,Lune,695,http://dummyimage.com/249x100.png/cc0000/ffffff,Japanese,And unsp antidepressants
783864322-8,Soul Plane,Gircke,657,http://dummyimage.com/149x100.png/dddddd/000000,Tswana,Nondisp avulsion fracture (chip fracture) of right talus
878540902-2,Blues Brothers 2000,Davidy,604,http://dummyimage.com/208x100.png/cc0000/ffffff,Luxembourgish,"Path fx in neopltc dis, unsp shldr, subs for fx w nonunion"
362329687-2,Carnival of Souls,Ivers,107,http://dummyimage.com/151x100.png/dddddd/000000,Hungarian,"Other bursal cyst, shoulder"
298855575-3,Within Our Gates,Masson,568,http://dummyimage.com/109x100.png/5fa2dd/ffffff,Fijian,Cnsl and instruction in natrl family planning to avoid preg
813328757-X,Prisoners of the Lost Universe,Verbeke,676,http://dummyimage.com/111x100.png/dddddd/000000,Mongolian,"Complete traumatic amputation of lower leg, level unsp"
984899004-6,Nebraska,Stentiford,242,http://dummyimage.com/243x100.png/ff4444/ffffff,Azeri,"Adverse effect of predom alpha-adrenocpt agonists, sequela"
653640706-7,"Prince of Egypt, The",Calwell,248,http://dummyimage.com/103x100.png/dddddd/000000,Catalan,Adverse effect of other nonsteroidal anti-inflammatory drugs
179840580-6,Best Men,Downes,229,http://dummyimage.com/165x100.png/dddddd/000000,Tok Pisin,"Assault by fertilizer bomb, subsequent encounter"
472289758-1,W.E.,Rostern,455,http://dummyimage.com/180x100.png/dddddd/000000,Telugu,"Nondisp commnt fx unsp patella, subs for clos fx w nonunion"
161543562-X,Opfergang,Cullity,704,http://dummyimage.com/172x100.png/cc0000/ffffff,Quechua,Prsn brd/alit a 3-whl mv injured in clsn w statnry object
795405430-6,Women Aren't Funny,Bremen,219,http://dummyimage.com/229x100.png/dddddd/000000,Tetum,"Hemorrhagic choroidal detachment, left eye"
622823294-0,Dinner for One (Der 90. Geburtstag oder Dinner for One),Conlaund,888,http://dummyimage.com/125x100.png/dddddd/000000,Belarusian,Congenital falciparum malaria
647125114-9,"Architect, The",Speake,640,http://dummyimage.com/200x100.png/dddddd/000000,Burmese,Unspecified intellectual disabilities
370706805-6,Welcome to Dongmakgol,Pengelly,434,http://dummyimage.com/206x100.png/dddddd/000000,Indonesian,"Toxic effect of contact w oth venom amphib, assault, sequela"
774102902-9,Sangre de mi sangre (Padre Nuestro),May,357,http://dummyimage.com/117x100.png/dddddd/000000,Hiri Motu,"Nondisp suprcndl fx w/o intrcndl extn lower end l femr, init"
944996715-6,St Trinian's 2: The Legend of Fritton's Gold,Paxforde,193,http://dummyimage.com/148x100.png/ff4444/ffffff,Māori,"Torus fx upper end of left tibia, subs for fx w malunion"
611948502-3,Sgt. Pepper's Lonely Hearts Club Band,Alderman,828,http://dummyimage.com/114x100.png/cc0000/ffffff,Bislama,"Merkel cell carcinoma of right upper limb, inc shoulder"
871076843-2,And God Created Woman (Et Dieu... créa la femme),Tossell,593,http://dummyimage.com/213x100.png/dddddd/000000,Tsonga,Other displaced fracture of third cervical vertebra
444933994-0,Fabled,Shilvock,584,http://dummyimage.com/194x100.png/cc0000/ffffff,Hungarian,"Unsp trochan fx right femur, subs for clos fx w nonunion"
970455198-3,Down Terrace,Chasmar,53,http://dummyimage.com/171x100.png/dddddd/000000,Tswana,"Oth comp specific to multiple gest, third trimester, fetus 1"
007650139-6,For Ever Mozart,Uff,866,http://dummyimage.com/106x100.png/ff4444/ffffff,Khmer,"Miotic pupillary cyst, unspecified eye"
506303890-5,"The Hire: Star, The",Francescozzi,343,http://dummyimage.com/162x100.png/cc0000/ffffff,Somali,Benign neoplasm of left lacrimal gland and duct
504682670-4,Kevin Smith: Sold Out - A Threevening with Kevin Smith,Loudian,306,http://dummyimage.com/178x100.png/5fa2dd/ffffff,Dari,"Stress fracture, left finger(s)"
989742520-9,She-Wolf of London,Ambrozewicz,644,http://dummyimage.com/184x100.png/dddddd/000000,Bengali,"Unsp inj intrinsic musc/fasc/tend l thm at wrs/hnd lv, init"
853303268-4,Fantomas,Kendle,342,http://dummyimage.com/167x100.png/ff4444/ffffff,Luxembourgish,Placental transfusion syndromes
181592626-0,In Harm's Way,Cockell,533,http://dummyimage.com/109x100.png/dddddd/000000,Swati,Left sided colitis
273752356-7,Yellow,Abbado,864,http://dummyimage.com/182x100.png/5fa2dd/ffffff,Assamese,Urinary tract infection following delivery
002282348-4,Bad Chicken,Hawkswood,583,http://dummyimage.com/109x100.png/cc0000/ffffff,Estonian,"Laceration w fb of r rng fngr w damage to nail, init"
678208056-7,Tap,Trayton,168,http://dummyimage.com/167x100.png/dddddd/000000,Gagauz,"Oth injury of plantar artery of left foot, subs encntr"
986320578-8,All the Light in the Sky,Gosneye,180,http://dummyimage.com/173x100.png/5fa2dd/ffffff,Malagasy,"Displ suprcndl fx w/o intrcndl extn lower end l femur, init"
096713209-6,Cry Baby Lane,Stegel,756,http://dummyimage.com/174x100.png/dddddd/000000,Arabic,Unspecified injury of peroneal artery
779041946-3,Dominion: Prequel to the Exorcist,Chatwood,373,http://dummyimage.com/180x100.png/5fa2dd/ffffff,Macedonian,"Burn of unsp deg mult sites of left ankle and foot, sequela"
529122952-7,"Mad Adventures of Rabbi Jacob, the (Les Aventures de Rabbi Jacob)",Antham,738,http://dummyimage.com/176x100.png/ff4444/ffffff,Lithuanian,"Corros first deg mult sites of head, face, and neck, init"
893056681-2,Sounder,Ciubutaro,683,http://dummyimage.com/225x100.png/dddddd/000000,Swati,Traumatic amputation of one toe
509088912-0,Thirty-Two Short Films About Glenn Gould,Caudle,230,http://dummyimage.com/132x100.png/ff4444/ffffff,Nepali,Injury of external jugular vein
664149860-3,"Tingler, The",Wasiela,48,http://dummyimage.com/109x100.png/dddddd/000000,Hebrew,"Oth traum displ spondylolysis of 3rd cervcal vert, 7thG"
555940411-X,Eyes of Laura Mars,Hempshall,835,http://dummyimage.com/222x100.png/5fa2dd/ffffff,New Zealand Sign Language,"Oth intentional self-harm by crashing of motor vehicle, subs"
742104652-6,What the Day Owes the Night,Margerrison,254,http://dummyimage.com/223x100.png/5fa2dd/ffffff,Croatian,"Expsr to rdct in atmos pressr wh surfc fr underground, sqla"
719718056-2,"Immature, The (Immaturi)",Dubs,764,http://dummyimage.com/143x100.png/5fa2dd/ffffff,Moldovan,"Poisoning by tetracyclic antidepressants, self-harm, init"
822103754-0,"Hard Corps, The",Chandlar,513,http://dummyimage.com/140x100.png/ff4444/ffffff,Belarusian,"Unsp trochan fx r femur, subs for opn fx type I/2 w nonunion"
998342880-6,"Shadow Riders, The",Ellins,103,http://dummyimage.com/139x100.png/5fa2dd/ffffff,Hindi,"Fall in (into) bucket of water causing oth injury, subs"
147331896-3,Diary of a Wimpy Kid: Dog Days,Gilfether,439,http://dummyimage.com/113x100.png/cc0000/ffffff,Estonian,Toxic effect of taipan venom
693484949-3,The Case of the Scorpion's Tail,Bratchell,732,http://dummyimage.com/217x100.png/ff4444/ffffff,Kyrgyz,"Disp fx of triquetrum bone, r wrs, subs for fx w routn heal"
910071450-X,Backcountry,Charopen,474,http://dummyimage.com/184x100.png/cc0000/ffffff,New Zealand Sign Language,"Burn of first degree of trunk, unspecified site, sequela"
942732541-0,"Marcello Mastroianni: I Remember Yes, I Remember (Marcello Mastroianni: mi ricordo, sì, io mi ricordo)",Harlowe,876,http://dummyimage.com/180x100.png/dddddd/000000,Persian,"Fx oth skull and facial bones, unspecified side, 7thB"
287171433-9,I Bury the Living,Hargraves,821,http://dummyimage.com/165x100.png/ff4444/ffffff,Polish,"Jump/div into natrl body of wtr strk surfc cause drown, init"
413858910-4,"Agronomist, The",Cornewell,786,http://dummyimage.com/204x100.png/ff4444/ffffff,Somali,Adverse effect of cannabis (derivatives)
301903324-1,God told Me To,Russe,554,http://dummyimage.com/131x100.png/ff4444/ffffff,Zulu,"Displ midcervical fx r femur, init for opn fx type 3A/B/C"
455174402-6,Whiteout,MacFadyen,793,http://dummyimage.com/156x100.png/5fa2dd/ffffff,Lao,"Acute perichondritis of external ear, bilateral"
474508830-2,It Happened to Jane,Austwick,574,http://dummyimage.com/104x100.png/dddddd/000000,Nepali,"Villonodular synovitis (pigmented), right hand"
179123846-7,Gunner Palace,Tonbridge,191,http://dummyimage.com/172x100.png/5fa2dd/ffffff,Kashmiri,Other disorders of fatty-acid metabolism
124128938-7,Charlie Chan's Secret,Walasik,686,http://dummyimage.com/120x100.png/cc0000/ffffff,Malagasy,"Poisoning by oth hormone antagonists, accidental, subs"
463473862-7,Restless (Uro),Goodwin,446,http://dummyimage.com/190x100.png/dddddd/000000,Oriya,Dysplasia of cervix uteri
669639890-2,"Rains of Ranchipur, The",Andreev,98,http://dummyimage.com/239x100.png/ff4444/ffffff,French,Benign neoplasm of right kidney
578192554-6,"Legend of Leigh Bowery, The",Gladebeck,626,http://dummyimage.com/172x100.png/ff4444/ffffff,Moldovan,"Corrosion of second degree of unspecified knee, sequela"
717267289-5,Poolhall Junkies,Boothby,320,http://dummyimage.com/125x100.png/cc0000/ffffff,Tok Pisin,Malfunction of continent stoma of urinary tract
167002789-9,Fred: The Movie,Mathias,422,http://dummyimage.com/119x100.png/ff4444/ffffff,Mongolian,"Disp fx of medial phalanx of right ring finger, init"
743392072-2,Possessed (Besat),Durbann,115,http://dummyimage.com/100x100.png/dddddd/000000,Thai,"Balanced rearrangements and structural markers, NEC"
297703410-2,I Don't Want to Sleep Alone (Hei yan quan),Karp,710,http://dummyimage.com/210x100.png/5fa2dd/ffffff,New Zealand Sign Language,Other subluxation of left wrist and hand
285945355-5,"Midsummer Night's Dream, A",Blizard,75,http://dummyimage.com/180x100.png/cc0000/ffffff,Gagauz,Pulmonary collapse
985098903-3,"Mickey, Donald, Goofy: The Three Musketeers",Beggs,856,http://dummyimage.com/188x100.png/ff4444/ffffff,Hiri Motu,Other forms of angina pectoris
695782228-1,The Guardians,Goggan,747,http://dummyimage.com/242x100.png/dddddd/000000,Mongolian,Personal history of dis of the nervous sys and sense organs
860266691-8,"Age of the Medici, The (L'età di Cosimo de Medici) ",Vasyatkin,498,http://dummyimage.com/134x100.png/5fa2dd/ffffff,Norwegian,"Poisoning by oth antiprotozoal drugs, self-harm, sequela"
887017763-7,She's Gotta Have It,Morena,331,http://dummyimage.com/142x100.png/ff4444/ffffff,Marathi,"Laceration of splenic vein, subsequent encounter"
218651728-0,"Informer, The",Grishechkin,683,http://dummyimage.com/197x100.png/dddddd/000000,Norwegian,"Strain musc/tend the rotator cuff of unsp shoulder, sequela"
008883133-7,Carried Away,Budgey,471,http://dummyimage.com/122x100.png/dddddd/000000,Kannada,Exfoliatn due to erythemat cond w < 10 pct of body surface
971086796-2,Rogue Cop,Dewicke,618,http://dummyimage.com/213x100.png/dddddd/000000,Kazakh,"Disp fx of shaft of left clavicle, subs for fx w malunion"
717230323-7,Bright Lights (Adventures in Africa),Treen,84,http://dummyimage.com/217x100.png/cc0000/ffffff,Assamese,"Milt op involving dest arcrft due to onboard fire, milt"
239922970-3,You Got Served,Brimelow,648,http://dummyimage.com/243x100.png/dddddd/000000,Kyrgyz,"Oth extrartic fx low end unsp rad, 7thP"
406209087-2,"Cage aux Folles II, La",Rockcliff,86,http://dummyimage.com/225x100.png/dddddd/000000,Ndebele,Unspecified fracture of other metacarpal bone
623387955-8,For the Birds,Colls,65,http://dummyimage.com/163x100.png/ff4444/ffffff,Mongolian,"Sltr-haris Type I physeal fx upper end of unsp fibula, init"
457070503-0,Private Parts,Prothero,573,http://dummyimage.com/181x100.png/cc0000/ffffff,Moldovan,Subluxation of midcarpal joint of left wrist
919663847-8,Hook,Tumber,833,http://dummyimage.com/242x100.png/cc0000/ffffff,Kashmiri,"Greenstick fracture of shaft of radius, unsp arm, init"
613069021-5,Blue Vinyl,Brimm,94,http://dummyimage.com/231x100.png/cc0000/ffffff,Montenegrin,"Anterior synechiae (iris), left eye"
281687420-6,"Cab for Three, A (Taxi para tres)",Marsh,237,http://dummyimage.com/162x100.png/cc0000/ffffff,Lithuanian,"Juvenile osteochondrosis of hip and pelvis, unsp, unsp leg"
317922406-1,Ten,Penke,208,http://dummyimage.com/112x100.png/ff4444/ffffff,Hiri Motu,"Occup of hv veh injured in clsn w ped/anml in traf, subs"
858861465-0,Jesus Camp,Woolvin,63,http://dummyimage.com/130x100.png/dddddd/000000,Oriya,"Nondisp oblique fx shaft of r femr, init for opn fx type I/2"
492298704-5,Head Over Heels (De Pernas pro Ar),Beedom,735,http://dummyimage.com/208x100.png/cc0000/ffffff,Belarusian,"Insect bite (nonvenomous) of left forearm, subs encntr"
196141478-3,The Private Life of a Cat,Barnewell,750,http://dummyimage.com/118x100.png/5fa2dd/ffffff,Nepali,"Other infective bursitis, unspecified hip"
430266091-0,Outlaw of Gor,Ogger,596,http://dummyimage.com/135x100.png/ff4444/ffffff,Hebrew,"Burn first deg of unsp site unsp lower limb, ex ank/ft, subs"
796508072-9,Thief of Damascus,Lanchbury,319,http://dummyimage.com/241x100.png/cc0000/ffffff,Kashmiri,"Unspecified blepharitis left eye, unspecified eyelid"
890693434-3,My Future Boyfriend,Ditt,291,http://dummyimage.com/215x100.png/cc0000/ffffff,Lithuanian,"Underdosing of mixed antiepileptics, sequela"
972407009-3,Yertle the Turtle and Other Stories,Setchfield,755,http://dummyimage.com/211x100.png/ff4444/ffffff,Estonian,Superficial foreign body of right eyelid and periocular area
411377215-0,"Kid With a Bike, The (Le gamin au vélo)",McOwan,706,http://dummyimage.com/132x100.png/dddddd/000000,Swahili,"Disp fx of dist phalanx of l idx fngr, 7thD"
592928778-3,Secret Reunion (Ui-hyeong-je),Allso,634,http://dummyimage.com/189x100.png/dddddd/000000,Sotho,"Fracture of tooth (traumatic), subs for fx w routn heal"
620237286-9,Rent-a-Cat,Aicheson,660,http://dummyimage.com/184x100.png/5fa2dd/ffffff,Swedish,Malignant neoplasm of cervix uteri
166990798-8,Wild Gals Of The Naked West,Planque,527,http://dummyimage.com/247x100.png/ff4444/ffffff,Kazakh,"Disp fx of shaft of 1st MC bone, unsp hand, 7thP"
256568464-9,"Angels' Share, The",Jori,880,http://dummyimage.com/106x100.png/cc0000/ffffff,Oriya,Burn of first degree of unspecified lower leg
816701760-5,L'Italien,Hurren,34,http://dummyimage.com/119x100.png/ff4444/ffffff,Catalan,"Burn of first degree of left scapular region, init encntr"
299000767-9,Upstairs and Downstairs,Glasscoo,326,http://dummyimage.com/170x100.png/5fa2dd/ffffff,Hiri Motu,"Nondisp fx of ant pro of unsp calcaneus, 7thP"
391450801-9,Cameraman: The Life and Work of Jack Cardiff,Rowley,647,http://dummyimage.com/180x100.png/5fa2dd/ffffff,Norwegian,"Sltr-haris Type IV physl fx upr end rad, unsp arm, 7thP"
791196547-1,Zatoichi Meets Yojimbo (Zatôichi to Yôjinbô) (Zatôichi 20),Beau,327,http://dummyimage.com/179x100.png/dddddd/000000,Marathi,Nondisplaced fracture of medial condyle of unspecified femur
059748778-2,Vamps,Beharrell,650,http://dummyimage.com/125x100.png/5fa2dd/ffffff,Italian,"Puncture wound w/o foreign body of unsp shoulder, subs"
423928753-7,"Bread, Love and Dreams (Pane, amore e fantasia)",Wilcocke,693,http://dummyimage.com/101x100.png/ff4444/ffffff,Armenian,Complete traumatic MCP amputation of left ring finger
662012643-X,Tony Takitani,Giggie,780,http://dummyimage.com/130x100.png/cc0000/ffffff,Polish,Personality change due to known physiological condition
974380850-7,Tarda estate,Thunder,329,http://dummyimage.com/139x100.png/ff4444/ffffff,Gagauz,"Open bite of left forearm, initial encounter"
158040808-7,"Turin Horse, The (A Torinói ló)",Massingberd,732,http://dummyimage.com/150x100.png/ff4444/ffffff,Filipino,"Ped on rolr-skt injured in collision w hv veh, unsp, subs"
997836628-8,Swindle,Ruppert,860,http://dummyimage.com/120x100.png/ff4444/ffffff,Maltese,"Unspecified sprain of unspecified hip, subsequent encounter"
157724528-8,"Merry Jail, The (Das fidele Gefängnis)",Embury,899,http://dummyimage.com/181x100.png/ff4444/ffffff,Romanian,"Fracture of unsp metatarsal bone(s), unsp foot, sequela"
323261521-X,Skin,Bealing,623,http://dummyimage.com/108x100.png/cc0000/ffffff,Hindi,Left testicular pain
001228310-X,Teenagers from Outer Space,Freak,663,http://dummyimage.com/164x100.png/cc0000/ffffff,Chinese,Oth parlyt synd fol oth cerebvasc dis aff right nondom side
992220410-X,Re-Animator,Basnett,750,http://dummyimage.com/103x100.png/5fa2dd/ffffff,Hindi,"Oth injury of radial artery at forearm level, right arm"
827320411-1,"Man Who Laughs, The",Scocroft,270,http://dummyimage.com/126x100.png/dddddd/000000,Assamese,Dolichocephaly
099865152-4,Chase a Crooked Shadow,Ginnaly,899,http://dummyimage.com/212x100.png/ff4444/ffffff,Hindi,"Major laceration of heart with hemopericardium, sequela"
428604951-5,Prince of Foxes,Kinastan,356,http://dummyimage.com/170x100.png/cc0000/ffffff,Tamil,"Poisoning by heroin, undetermined, initial encounter"
530533093-9,"Blue Kite, The (Lan feng zheng)",Klambt,326,http://dummyimage.com/199x100.png/ff4444/ffffff,Luxembourgish,"Unsp cervical disc disorder, mid-cervical region, unsp level"
591356216-X,18 Years Old and Rising (J'aime regarder les filles),Cokly,624,http://dummyimage.com/172x100.png/5fa2dd/ffffff,Filipino,Oth diabetes with stable proliferative diabetic retinopathy
866623292-7,Payback,Mullarkey,620,http://dummyimage.com/185x100.png/dddddd/000000,Montenegrin,"Obstructed labor due to malpos and malpresent, unsp, fetus 5"
984134631-1,"Purple Plain, The",Brugmann,403,http://dummyimage.com/246x100.png/ff4444/ffffff,Khmer,"Fx unsp carpal bone, right wrist, subs for fx w delay heal"
082468138-X,Siegfried & Roy: The Magic Box,Lindwasser,235,http://dummyimage.com/117x100.png/ff4444/ffffff,Irish Gaelic,"Oth fx head/neck of r femr, 7thE"
358962572-4,True Confessions,McGeown,451,http://dummyimage.com/101x100.png/cc0000/ffffff,French,"Primarily systemic and hematological agents, NEC"
869989871-1,"Girl in the Park, The",Motto,149,http://dummyimage.com/127x100.png/ff4444/ffffff,Polish,"Secondary infectious iridocyclitis, right eye"
671841441-7,Critical Care,Sturridge,358,http://dummyimage.com/156x100.png/dddddd/000000,Danish,"Milt op w unsp fire/conflagr/hot subst, milt, sequela"
132639245-X,"Life is a Bed of Roses (Vie est un roman, La)",Pringer,577,http://dummyimage.com/144x100.png/cc0000/ffffff,Gagauz,Unsp war operations occurring after cessation of hostilities
655406474-5,Sada,McIlwrick,519,http://dummyimage.com/249x100.png/5fa2dd/ffffff,English,"Nondisplaced intertrochanteric fracture of right femur, init"
218934867-6,"Man from Beyond, The",Bolles,546,http://dummyimage.com/206x100.png/5fa2dd/ffffff,Aymara,"Laceration of posterior tibial artery, unspecified leg"
690242774-7,"Electra, My Love (Szerelmem, Elektra)",Lempel,703,http://dummyimage.com/237x100.png/ff4444/ffffff,Catalan,"Contusion of right forearm, initial encounter"
578165923-4,Cat Run 2,Tomczykiewicz,132,http://dummyimage.com/247x100.png/5fa2dd/ffffff,Bosnian,"Unsp injury of shoulder and upper arm, unsp arm, init encntr"
805629811-8,Snow White (Blancanieves),Cookney,432,http://dummyimage.com/113x100.png/dddddd/000000,Bengali,"Nondisp fx of less trochanter of r femr, 7thB"
264649801-2,Hesher,Swires,309,http://dummyimage.com/150x100.png/dddddd/000000,Catalan,"Adverse effect of unsp general anesthetics, init encntr"
019953943-X,Kiss Me Goodbye,Abrahmovici,460,http://dummyimage.com/132x100.png/cc0000/ffffff,Tsonga,"Laceration without foreign body, unspecified foot, sequela"
496811361-7,Curse of the Oily Man (Sumpah orang minyak) ,Putterill,472,http://dummyimage.com/192x100.png/cc0000/ffffff,Tswana,"Oligohydramnios, unspecified trimester"
560394610-5,Kamchatka,Wintour,47,http://dummyimage.com/211x100.png/cc0000/ffffff,Punjabi,Disp fx of intermediate cuneiform of unspecified foot
755722173-7,Earth vs. the Flying Saucers,Crayton,509,http://dummyimage.com/137x100.png/cc0000/ffffff,Bosnian,"Disp fx of coronoid pro of r ulna, 7thF"
393784292-6,Merrily We Live,Cariss,125,http://dummyimage.com/179x100.png/ff4444/ffffff,Romanian,"Disp fx of lateral condyle of l femr, 7thK"
023248868-1,The Sky Dragon,Lempertz,418,http://dummyimage.com/242x100.png/ff4444/ffffff,Filipino,"Myositis ossificans progressiva, left finger(s)"
201462648-0,"Last Kiss, The",Macellar,570,http://dummyimage.com/206x100.png/cc0000/ffffff,Korean,"Corrosion of esophagus, initial encounter"
282643554-X,Taxi Blues,Crass,356,http://dummyimage.com/203x100.png/dddddd/000000,Belarusian,Motorized mobility scooter colliding with stationary object
563680250-1,"Pest, The",Doogan,843,http://dummyimage.com/142x100.png/cc0000/ffffff,Zulu,"Ped on oth roll-type ped convey collid w statnry obj, init"
794064071-2,End Game,Stollmeier,736,http://dummyimage.com/173x100.png/ff4444/ffffff,Danish,"Person outsd pk-up/van inj in clsn w pedl cyc nontraf, init"
586409054-9,Nameless Gangster (Bumchoiwaui junjaeng),Rogers,53,http://dummyimage.com/167x100.png/cc0000/ffffff,Hiri Motu,"Mult fx of pelv w unstbl disrupt of pelv ring, 7thG"
807141639-8,Six Shooter,Lovatt,478,http://dummyimage.com/121x100.png/5fa2dd/ffffff,Norwegian,"Superficial foreign body of right ring finger, subs encntr"
235355402-4,Micki + Maude,Suston,684,http://dummyimage.com/135x100.png/ff4444/ffffff,Assamese,"Laceration of popliteal vein, unspecified leg"
789689230-8,Dragon Ball Z: Super Android 13! (Doragon bôru Z 7: Kyokugen batoru!! San dai sûpâ saiyajin),Rulten,469,http://dummyimage.com/188x100.png/5fa2dd/ffffff,Punjabi,Hemoglobinuria due to hemolysis from other external causes
946428982-1,Millennium Actress (Sennen joyû),Carn,678,http://dummyimage.com/239x100.png/ff4444/ffffff,West Frisian,"Injury of facial nerve, right side, sequela"
180201839-5,Holidaze,Phetteplace,656,http://dummyimage.com/119x100.png/dddddd/000000,Tamil,"Rheumatoid nodule, left hip"
259868823-6,Johnny in the Clouds,Mount,799,http://dummyimage.com/144x100.png/5fa2dd/ffffff,Fijian,"Other rupture of muscle (nontraumatic), left shoulder"
146491286-6,Walking Tall,Coggeshall,588,http://dummyimage.com/130x100.png/dddddd/000000,Somali,"Nondisp fx of med condyle of l tibia, 7thM"
165206233-5,Clownhouse,Wettern,549,http://dummyimage.com/234x100.png/ff4444/ffffff,Hungarian,Activities involving other muscle strengthening exercises
688813384-2,Camouflage (Barwy ochronne),Kingswell,121,http://dummyimage.com/220x100.png/dddddd/000000,New Zealand Sign Language,"Disp fx of neck of first metacarpal bone, unsp hand, init"
955883430-0,Heart of a Lion,Doppler,489,http://dummyimage.com/244x100.png/cc0000/ffffff,Croatian,Failed moderate sedation during procedure
563180915-X,Natural City,Poleye,187,http://dummyimage.com/240x100.png/5fa2dd/ffffff,Hindi,"Snsrnrl hear loss, uni, r ear, with rstrcd hear cntra side"
616173093-6,Cape No. 7 (Hái-kak chhit-ho),Kildale,345,http://dummyimage.com/171x100.png/dddddd/000000,Kannada,"Chronic dacryoadenitis, left lacrimal gland"
724007322-X,Wild Card,Vye,185,http://dummyimage.com/178x100.png/ff4444/ffffff,Amharic,Food in esophagus causing other injury
186160941-8,The Land Before Time XIII: The Wisdom of Friends,Franek,518,http://dummyimage.com/164x100.png/cc0000/ffffff,Telugu,"Drug/chem diab with mild nonp rtnop without mclr edema, unsp"
945157327-5,Bye-Bye,Gibbetts,836,http://dummyimage.com/102x100.png/5fa2dd/ffffff,Oriya,"Nondisp transverse fx unsp patella, 7thR"
925548999-2,Battlestar Galactica: Blood & Chrome,Amorts,660,http://dummyimage.com/114x100.png/dddddd/000000,Finnish,"Injury of unsp nerve at ankle and foot level, left leg"
653059569-4,"Immortals, The",McGarvie,422,http://dummyimage.com/122x100.png/ff4444/ffffff,West Frisian,"Milt op w dest arcrft due to enmy fire/expls, milt, init"
311715223-7,Morituri,Butting,379,http://dummyimage.com/128x100.png/5fa2dd/ffffff,Northern Sotho,Other deletions of part of a chromosome
371319605-2,Visions of Europe,Dickerline,517,http://dummyimage.com/106x100.png/ff4444/ffffff,Gujarati,"Other venous complications in pregnancy, unsp trimester"
081508757-8,"War at Home, The",Heine,531,http://dummyimage.com/150x100.png/ff4444/ffffff,Catalan,"Unsp fracture of unsp acetabulum, init for clos fx"
597877077-8,Robin-B-Hood (Bo bui gai wak),Raybould,263,http://dummyimage.com/241x100.png/dddddd/000000,Assamese,"Corrosion of first degree of lip(s), subsequent encounter"
417358609-4,Against the Current,Riddell,136,http://dummyimage.com/165x100.png/dddddd/000000,Fijian,Other mechanical complication of cystostomy catheter
697915672-1,"Virginity Hit, The",Applewhite,376,http://dummyimage.com/225x100.png/cc0000/ffffff,Bengali,"Other specified injury of popliteal artery, right leg"
669303503-5,"Grand Amour, Le",Wallege,529,http://dummyimage.com/116x100.png/5fa2dd/ffffff,Hebrew,Hypnic headache
647159301-5,Sword of the Valiant,Geane,125,http://dummyimage.com/204x100.png/cc0000/ffffff,Italian,"Subacute osteomyelitis, unspecified radius and ulna"
458837355-2,Tinker Tailor Soldier Spy,Vittle,158,http://dummyimage.com/231x100.png/dddddd/000000,Moldovan,"Unsp inj musc/tend peroneal grp at low leg lev, r leg, sqla"
431608244-2,Seven Ways from Sundown,Gyorffy,723,http://dummyimage.com/166x100.png/5fa2dd/ffffff,Kurdish,Other fracture of upper end of radius
804509554-7,"Split, The",Dommett,171,http://dummyimage.com/155x100.png/5fa2dd/ffffff,Hindi,"War operations involving rubber bullets, civilian, init"
957292418-4,Juvenile Court,Diament,763,http://dummyimage.com/204x100.png/5fa2dd/ffffff,Portuguese,Listerial meningitis and meningoencephalitis
804071867-8,My Best Fiend (Mein liebster Feind),Busek,877,http://dummyimage.com/105x100.png/ff4444/ffffff,Belarusian,Anemia due to disorders of nucleotide metabolism
242148672-6,The Land Unknown,Huccaby,572,http://dummyimage.com/236x100.png/ff4444/ffffff,Korean,"Age-related osteopor w current pathological fracture, ank/ft"
123007464-3,8 ½ Women (a.k.a. 8 1/2 Women) (a.k.a. Eight and a Half Women),Mussetti,246,http://dummyimage.com/230x100.png/cc0000/ffffff,English,"Oth nondisp fx of upper end r humer, subs for fx w malunion"
750197071-8,"Return of Don Camillo, The (Retour de Don Camillo, Le)",Skocroft,713,http://dummyimage.com/206x100.png/dddddd/000000,Telugu,Non-prs chronic ulcer oth prt right foot w necros muscle
402902035-6,Hemingway & Gellhorn,Gaber,73,http://dummyimage.com/240x100.png/dddddd/000000,Kyrgyz,Oth parlyt synd fol oth ntrm intcrn hemor aff r nondom side
425132892-2,Mondo Topless,Lemon,306,http://dummyimage.com/224x100.png/ff4444/ffffff,Dari,Carcinoma in situ of left bronchus and lung
008726411-0,"Sweetest Thing, The",Immer,553,http://dummyimage.com/228x100.png/cc0000/ffffff,Korean,Unspecified right bundle-branch block
016111894-1,Washington Square,Polkinghorne,297,http://dummyimage.com/127x100.png/5fa2dd/ffffff,Gujarati,"Crystal arthropathy, unspecified"
445024180-0,"7th Dawn, The",Matterdace,601,http://dummyimage.com/180x100.png/5fa2dd/ffffff,Haitian Creole,"Poisoning by 4-Aminophenol derivatives, accidental, sequela"
177948092-X,Don't Come Knocking,Gluyus,245,http://dummyimage.com/157x100.png/5fa2dd/ffffff,Dhivehi,"Disorder of ligament, wrist"
401378633-8,"Whole Ten Yards, The",Tinkler,623,http://dummyimage.com/222x100.png/cc0000/ffffff,Tajik,"Nondisp fx of med condyle of l tibia, 7thR"
576066804-8,"Hunger Games: Catching Fire, The",Fairbanks,858,http://dummyimage.com/116x100.png/5fa2dd/ffffff,Amharic,Asphyxiation due to smothering under pillow
084729532-X,Dream Land,Corris,492,http://dummyimage.com/189x100.png/5fa2dd/ffffff,Dzongkha,"Major osseous defect, unspecified site"
000614680-5,Sullivan's Travels,Cowland,131,http://dummyimage.com/185x100.png/dddddd/000000,Swati,Ligneous conjunctivitis
120054533-8,"Goddess, The",Ostler,552,http://dummyimage.com/169x100.png/ff4444/ffffff,Croatian,"Other ice-skates accident, subsequent encounter"
188646816-8,Street Angel,Van Hove,295,http://dummyimage.com/131x100.png/ff4444/ffffff,Macedonian,"Unsp fx right femur, subs for opn fx type I/2 w delay heal"
400802147-7,"Year of Living Dangerously, The",Byrd,454,http://dummyimage.com/100x100.png/cc0000/ffffff,Hebrew,"Activity, calisthenics"
653943223-2,Land of Milk and Honey (Pays de cocagne),Boncoeur,625,http://dummyimage.com/241x100.png/5fa2dd/ffffff,Dutch,"Toxic effect of venom of gila monster, assault, init encntr"
210286782-X,Dirty,Avard,414,http://dummyimage.com/107x100.png/5fa2dd/ffffff,Moldovan,"Breakdown of int fix of bone of l low leg, sequela"
879203050-5,D.E.B.S.,McCaster,142,http://dummyimage.com/139x100.png/dddddd/000000,Malagasy,"Adverse effect of unsp prim sys and hematolog agent, subs"
744040001-1,And Starring Pancho Villa as Himself,Bunn,316,http://dummyimage.com/217x100.png/dddddd/000000,Burmese,Other chronic cystitis with hematuria
201102121-9,Phat Girlz,Schustl,35,http://dummyimage.com/144x100.png/5fa2dd/ffffff,Kazakh,"Puncture wound w/o foreign body of left hand, init encntr"
999578333-9,Room 666 (Chambre 666),Hellard,651,http://dummyimage.com/218x100.png/dddddd/000000,Tswana,"Fall from babystroller, sequela"
886197622-0,Repentance (Monanieba),Marling,469,http://dummyimage.com/149x100.png/5fa2dd/ffffff,Bengali,"Undrdose of unsp agents prim acting on the resp sys, subs"
746556244-9,"Tree of Knowledge, The (Kundskabens træ)",Brisker,874,http://dummyimage.com/111x100.png/ff4444/ffffff,Burmese,"Nondisp transverse fx shaft of r tibia, 7thJ"
731256916-1,"Me Too (Yo, también)",Bittleson,134,http://dummyimage.com/201x100.png/5fa2dd/ffffff,Fijian,Person outside pk-up/van inj in nonclsn trnsp acc nontraf
775274155-8,Dishonored,Telega,168,http://dummyimage.com/167x100.png/dddddd/000000,Lithuanian,Corrosion of third degree of left knee
044653352-1,Maidens in Uniform (Mädchen in Uniform),Jikovsky,528,http://dummyimage.com/189x100.png/5fa2dd/ffffff,Quechua,"Pressure ulcer of unspecified heel, stage 2"
171481530-7,Zipper,Mackrell,541,http://dummyimage.com/140x100.png/dddddd/000000,West Frisian,"Pigmentary glaucoma, left eye"
583990384-1,Witness for the Prosecution,Fysh,693,http://dummyimage.com/155x100.png/dddddd/000000,Spanish,"Other subluxation of left shoulder joint, initial encounter"
559636328-6,Olive Kitteridge,Sames,544,http://dummyimage.com/168x100.png/dddddd/000000,Polish,"Lacerat less saphenous at lower leg level, left leg, init"
907765770-3,Kung Fu Panda: Secrets of the Furious Five,Pinnick,744,http://dummyimage.com/207x100.png/5fa2dd/ffffff,Arabic,Other conditions associated with Lyme disease
112912967-5,Stitches,Imm,277,http://dummyimage.com/121x100.png/cc0000/ffffff,Assamese,"Adverse effect of dental drugs, topically applied, subs"
680530704-X,"Eleventh Hour, The",McKerley,466,http://dummyimage.com/179x100.png/cc0000/ffffff,Nepali,"Disp fx of lateral condyle of unsp tibia, 7thG"
834679759-1,Country Life,Yaus,656,http://dummyimage.com/112x100.png/dddddd/000000,Tamil,"Corrosion of third degree of unsp toe(s) (nail), subs encntr"
871856610-3,Red Army,McQueen,418,http://dummyimage.com/201x100.png/ff4444/ffffff,English,"Nondisp seg fx shaft of r femr, 7thH"
995482050-7,Siam Sunset,Legat,401,http://dummyimage.com/189x100.png/dddddd/000000,Oriya,"Puncture wound w/o foreign body of right elbow, subs encntr"
966405055-5,"Miser, The (L'avare)",Conklin,73,http://dummyimage.com/184x100.png/5fa2dd/ffffff,Aymara,"Maternal care for fetal problem, unsp, second tri, unsp"
688471620-7,"Endless Summer 2, The",Gale,893,http://dummyimage.com/204x100.png/dddddd/000000,Tsonga,"Primary open-angle glaucoma, right eye, mild stage"
631523282-5,TiMER,Wenban,422,http://dummyimage.com/127x100.png/5fa2dd/ffffff,Tajik,Other physeal fracture of upper end of humerus
348869223-X,Versus,Load,36,http://dummyimage.com/136x100.png/5fa2dd/ffffff,Catalan,"Disp fx of head of r rad, 7thM"
028485191-4,Dragon Ball: Sleeping Princess in Devil's Castle (Doragon bôru: Majinjô no nemuri hime),Mendel,482,http://dummyimage.com/117x100.png/dddddd/000000,Bulgarian,"Toxic effect of venom of oth arthropod, undetermined, subs"
270475511-6,From Paris with Love,Greave,360,http://dummyimage.com/166x100.png/dddddd/000000,Kyrgyz,Malignant neoplasm of nasopharynx
624207581-4,Billy Elliot,Mewe,278,http://dummyimage.com/211x100.png/cc0000/ffffff,Belarusian,"Postimmunization arthropathy, unspecified site"
807444365-5,Hollywood Homicide,Linzey,784,http://dummyimage.com/159x100.png/dddddd/000000,Swati,"Displaced dome fx right acetabulum, subs for fx w nonunion"
703565667-7,The Stoker,Skully,626,http://dummyimage.com/227x100.png/5fa2dd/ffffff,Catalan,"Strain of extn musc/fasc/tend at forarm lv, right arm, subs"
934491052-9,The Chumscrubber,Maxweell,596,http://dummyimage.com/141x100.png/dddddd/000000,Gagauz,"Displ oblique fx shaft of r tibia, init for opn fx type I/2"
641305676-2,Pieta,Staunton,826,http://dummyimage.com/240x100.png/5fa2dd/ffffff,New Zealand Sign Language,"Poisn by androgens and anabolic congeners, self-harm, init"
668833897-1,Dallas: War of the Ewings,Nolte,87,http://dummyimage.com/158x100.png/cc0000/ffffff,English,"Sltr-haris Type IV physl fx upr end rad, r arm, 7thD"
463613105-3,Small Cuts (Petites coupures),Last,633,http://dummyimage.com/195x100.png/ff4444/ffffff,Gagauz,"Poisoning by beta-adrenocpt antagonists, accidental, subs"
540648093-6,Moscow on the Hudson,Glasson,529,http://dummyimage.com/207x100.png/dddddd/000000,French,"Unspecified open wound, left lower leg, subsequent encounter"
659198841-6,Claire of the Moon,Minihane,110,http://dummyimage.com/166x100.png/cc0000/ffffff,Kurdish,"Conjunctival edema, unspecified eye"
547774425-1,"Browning Version, The",Calleja,501,http://dummyimage.com/190x100.png/dddddd/000000,Japanese,"Sprain of joints and ligaments of oth prt neck, init encntr"
015240236-5,Crocodile (Ag-o),Franck,30,http://dummyimage.com/243x100.png/5fa2dd/ffffff,Danish,"Lac w/o fb of low back and pelv w/o penet retroperiton, init"
696476168-3,"Visitor, The (Muukalainen)",Foan,734,http://dummyimage.com/167x100.png/5fa2dd/ffffff,Yiddish,"Juvenile rheumatoid arthritis w systemic onset, left elbow"
172334243-2,Tunnel Rats (1968 Tunnel Rats),Lorenc,629,http://dummyimage.com/120x100.png/cc0000/ffffff,New Zealand Sign Language,"Burn of third degree of right wrist, initial encounter"
827877040-9,"Adjuster, The",Doni,614,http://dummyimage.com/221x100.png/dddddd/000000,Amharic,"Person injured in collision betw car and hv veh, init"
867691398-6,Kiss or Kill,Brumhead,598,http://dummyimage.com/177x100.png/ff4444/ffffff,Northern Sotho,"Poisoning by emetics, intentional self-harm, sequela"
261956695-9,Sergio,Prawle,879,http://dummyimage.com/128x100.png/5fa2dd/ffffff,Kashmiri,"Oth disrd of ear in diseases classified elsewhere, bilateral"
229721967-9,"Black Cat, White Cat (Crna macka, beli macor)",Dobby,664,http://dummyimage.com/227x100.png/dddddd/000000,Northern Sotho,"Oth intartic fracture of lower end of left radius, init"
430849236-X,Loving Annabelle,Bruineman,691,http://dummyimage.com/221x100.png/ff4444/ffffff,Kurdish,Endocardial fibroelastosis
034479439-3,Boiling Point (3-4 x jûgatsu),Jiggens,675,http://dummyimage.com/130x100.png/cc0000/ffffff,Malay,"Oth nondisp fx of low end unsp humer, 7thD"
521536396-X,Airport '77,Haresnape,668,http://dummyimage.com/150x100.png/5fa2dd/ffffff,Telugu,Minor laceration of right external jugular vein
034955647-4,American Raspberry (Prime Time) (Funny America),Warrener,868,http://dummyimage.com/196x100.png/dddddd/000000,Marathi,"Other specified injury of portal vein, sequela"
594540903-0,Senseless,Cellone,676,http://dummyimage.com/134x100.png/5fa2dd/ffffff,Chinese,Strain of intrinsic musc/fasc/tend thumb at wrs/hnd lv
594819327-6,3 Ninjas: High Noon On Mega Mountain,Pringley,593,http://dummyimage.com/234x100.png/cc0000/ffffff,Romanian,"Corrosion w resulting rupture and dest of left eyeball, init"
302724221-0,Grey Gardens,Mackley,633,http://dummyimage.com/102x100.png/cc0000/ffffff,English,Abdominal rigidity
184184503-5,Fantastic Voyage,Petkovic,713,http://dummyimage.com/240x100.png/ff4444/ffffff,Estonian,Other specified glaucoma
116206644-X,Back to 1942 ,Lindman,648,http://dummyimage.com/146x100.png/ff4444/ffffff,Japanese,"Adverse effect of unspecified antidepressants, init encntr"
355887919-8,Pekka ja Pätkä Suezilla,Gavozzi,692,http://dummyimage.com/156x100.png/ff4444/ffffff,Marathi,"Poisoning by barbiturates, accidental (unintentional), init"
136819075-8,Country Strong,Laxston,248,http://dummyimage.com/131x100.png/cc0000/ffffff,Norwegian,"Subluxation of left acromioclavicular joint, sequela"
637201284-7,"Grin Without a Cat, A (Fond de l'air est rouge, Le)",Horry,548,http://dummyimage.com/174x100.png/cc0000/ffffff,Greek,"Unsp fx shaft of unsp fibula, 7thN"
986953630-1,Street of Shame (Akasen chitai),Delort,597,http://dummyimage.com/236x100.png/cc0000/ffffff,Spanish,"Unspecified myringitis, right ear"
625580703-7,"Santa Clause 2, The",Gatiss,52,http://dummyimage.com/180x100.png/5fa2dd/ffffff,Hebrew,"Inj femoral vein at hip and thigh level, left leg, subs"
854616404-5,Teeth,Gatlin,346,http://dummyimage.com/146x100.png/5fa2dd/ffffff,Bulgarian,Person injured in collision betw oth mtr veh (traffic)
350960173-4,Gold Raiders,Colles,796,http://dummyimage.com/178x100.png/dddddd/000000,Arabic,"Ocular lac w/o prolaps/loss of intraoc tissue, l eye, init"
036948080-5,Buffy the Vampire Slayer,Jolly,897,http://dummyimage.com/199x100.png/5fa2dd/ffffff,Luxembourgish,"Open bite of right little finger w/o damage to nail, subs"
958913806-3,Carnegie Hall,Gozney,110,http://dummyimage.com/148x100.png/5fa2dd/ffffff,Arabic,Carcinoma in situ of other and unsp male genital organs
361306450-2,I Capture the Castle,Labbet,350,http://dummyimage.com/213x100.png/dddddd/000000,Irish Gaelic,Other complications of gastric band procedure
518169083-1,Big Shot: Confessions of a Campus Bookie,Keefe,678,http://dummyimage.com/178x100.png/dddddd/000000,Papiamento,"Suprvsn of preg w history of pre-term labor, unsp trimester"
929213644-5,Missing,Hasnip,429,http://dummyimage.com/239x100.png/cc0000/ffffff,Tajik,"Toxic effect of insecticides, intentional self-harm, subs"
400258645-6,Over the Top,Axten,221,http://dummyimage.com/140x100.png/ff4444/ffffff,Bislama,"Displaced intartic fracture of r calcaneus, init for opn fx"
774381789-X,Man on the Moon,Lias,372,http://dummyimage.com/216x100.png/5fa2dd/ffffff,Malagasy,Descemetocele
833629527-5,Rapid Fire,Shailer,720,http://dummyimage.com/240x100.png/5fa2dd/ffffff,Papiamento,"Poisn by unsp agents prim act on the resp sys, asslt, sqla"
807050537-0,"Jerk Theory, The",MacAskie,125,http://dummyimage.com/140x100.png/cc0000/ffffff,Thai,"Inj flexor musc/fasc/tend r little fngr at wrs/hnd lv, sqla"
821150871-0,Allegro,Snoden,775,http://dummyimage.com/107x100.png/cc0000/ffffff,Montenegrin,Postvaccination fever
682019908-2,Nymph,Bahde,74,http://dummyimage.com/166x100.png/5fa2dd/ffffff,Spanish,"Disp fx of lateral condyle of unsp femr, 7thN"
485434897-6,"20,000 Days on Earth",Van Leijs,299,http://dummyimage.com/213x100.png/5fa2dd/ffffff,French,"Pain due to cardiac prosth dev/grft, subsequent encounter"
443682699-6,Skinwalkers,Durber,500,http://dummyimage.com/116x100.png/dddddd/000000,Italian,Contusion of unspecified ankle
521396167-3,East is East,Absolom,73,http://dummyimage.com/169x100.png/5fa2dd/ffffff,Polish,Obstruction due to fb acc left in body following punctr/cath
933949433-4,Still Bill,Crowest,670,http://dummyimage.com/138x100.png/cc0000/ffffff,Azeri,"Attn-defct hyperactivity disorder, predom hyperactive type"
770876055-0,Pickpocket,Scallon,129,http://dummyimage.com/208x100.png/dddddd/000000,Kyrgyz,"Transient synovitis, elbow"
578594858-3,"Infidel, The",Jiles,597,http://dummyimage.com/213x100.png/5fa2dd/ffffff,Moldovan,Type 1 diabetes w prolif diabetic rtnop w/o macular edema
399312523-1,Free Money,Bowstead,755,http://dummyimage.com/236x100.png/ff4444/ffffff,Malayalam,"Unsp retained (old) intraocular foreign body, magnetic"
019144786-2,Vacancy 2: The First Cut,Muzzlewhite,512,http://dummyimage.com/137x100.png/cc0000/ffffff,Khmer,"Anterior sublux of proximal end of tibia, r knee, sequela"
001407542-3,Crime Story (Zhong an zu),Williamson,610,http://dummyimage.com/104x100.png/cc0000/ffffff,Tajik,"Adverse effect of other bacterial vaccines, sequela"
814501617-7,Il Capitano,Ferraron,413,http://dummyimage.com/178x100.png/ff4444/ffffff,Khmer,Other and unspecified polyneuropathies
080031369-0,O'Horten,Stonner,395,http://dummyimage.com/125x100.png/5fa2dd/ffffff,Kashmiri,"Oth injury of popliteal artery, left leg, subs encntr"
302563923-7,"Lovely, Still",Pele,585,http://dummyimage.com/120x100.png/cc0000/ffffff,Luxembourgish,"Unsp trochan fx unsp femr, 7thM"
126010980-1,Change of Address (Changement d'adresse),Symcoxe,257,http://dummyimage.com/184x100.png/5fa2dd/ffffff,Aymara,"Occup of bus injured in clsn w 2/3-whl mv nontraf, sequela"
935453197-0,I Am Bruce Lee,Hughs,456,http://dummyimage.com/100x100.png/cc0000/ffffff,Yiddish,"Unsp fracture of left talus, subs for fx w malunion"
513709890-6,Wild Bill,Todarini,598,http://dummyimage.com/111x100.png/dddddd/000000,Dari,Corrosion of unsp deg mult sites of left wrist and hand
166573462-0,Fright,Tinwell,330,http://dummyimage.com/152x100.png/dddddd/000000,Malay,"Ice-skater colliding with stationary object, init encntr"
561634450-8,Justice League: The Flashpoint Paradox,Diemer,223,http://dummyimage.com/110x100.png/ff4444/ffffff,Tajik,"Rheumatoid bursitis, unspecified site"
299660489-X,"Last Movie, The",Emmer,296,http://dummyimage.com/167x100.png/cc0000/ffffff,French,"Toxic effect of phosphorus and its compounds, acc, subs"
277635886-5,Robin Hood,Dallaway,219,http://dummyimage.com/231x100.png/5fa2dd/ffffff,Mongolian,"Prsn brd/alit pedl cyc injured in collision w hv veh, subs"
489595761-6,Vesku from Finland (Vesku),Booij,542,http://dummyimage.com/134x100.png/dddddd/000000,Fijian,Abrasion of right eyelid and periocular area
476744177-3,"Violent City (Family, The) (Città violenta)",Ship,233,http://dummyimage.com/141x100.png/dddddd/000000,Kashmiri,Encounter for screening for malignant neoplasm of breast
695625797-1,Campfire Tales,Medgwick,684,http://dummyimage.com/227x100.png/5fa2dd/ffffff,Papiamento,"Disp fx of posterior process of right talus, init for opn fx"
626008806-X,"House of Yes, The",Bygraves,547,http://dummyimage.com/105x100.png/5fa2dd/ffffff,Kurdish,"Nondisp seg fx shaft of ulna, unsp arm, 7thB"
729148288-7,Tom and Jerry: The Movie,Stoffer,38,http://dummyimage.com/100x100.png/ff4444/ffffff,German,"Disp fx of med phalanx of l less toe(s), 7thK"
217424950-2,"Man Called Gannon, A",Weetch,708,http://dummyimage.com/152x100.png/dddddd/000000,Assamese,Insect bite (nonvenomous) of left thumb
993371001-X,Messages Deleted,Wyer,184,http://dummyimage.com/186x100.png/5fa2dd/ffffff,Haitian Creole,Sltr-haris Type IV physeal fx lower end of left femur
492601799-7,Falling Awake,Cowap,790,http://dummyimage.com/101x100.png/5fa2dd/ffffff,Dari,Psoas tendinitis
521404806-8,Star of Midnight,Hoonahan,88,http://dummyimage.com/140x100.png/dddddd/000000,Malay,"Strain flxr musc/fasc/tend l little fngr at wrs/hnd lv, subs"
534230794-5,Superhero Movie,Dunsire,373,http://dummyimage.com/219x100.png/5fa2dd/ffffff,Filipino,Filariasis
872362031-5,Body Snatchers,McVitie,383,http://dummyimage.com/181x100.png/cc0000/ffffff,Latvian,"Disp fx of med phalanx of unsp less toe(s), init for opn fx"
646748279-4,Be Cool,Sammes,712,http://dummyimage.com/220x100.png/cc0000/ffffff,Korean,Other nontoxic goiter
630579621-1,Angel Dog,Genny,255,http://dummyimage.com/167x100.png/5fa2dd/ffffff,Indonesian,Chronic embolism and thombos of superfic veins of up extrem
891878466-X,Homework,Sharland,301,http://dummyimage.com/219x100.png/5fa2dd/ffffff,Aymara,"Toxic effect of glycols, assault, subsequent encounter"
961054838-5,"Brave, The",Colten,384,http://dummyimage.com/104x100.png/5fa2dd/ffffff,Indonesian,"Spinal and epidur anesth induce hdache during preg, unsp tri"
644656716-2,Mikey and Nicky,Ousley,514,http://dummyimage.com/222x100.png/5fa2dd/ffffff,Hindi,Primary blast injury of descending [left] colon
992389674-9,Lake City,Crowder,230,http://dummyimage.com/150x100.png/5fa2dd/ffffff,Zulu,Chronic migraine without aura
623435082-8,Gimme Shelter,Merrall,661,http://dummyimage.com/225x100.png/ff4444/ffffff,Kashmiri,"Milt op involving incendiary bullet, civilian, init"
412285126-2,Confidential Report,Rean,846,http://dummyimage.com/182x100.png/5fa2dd/ffffff,New Zealand Sign Language,"Poisoning by emetics, accidental (unintentional)"
007941065-0,Love Meetings (Comizi d'amore),Denholm,860,http://dummyimage.com/155x100.png/ff4444/ffffff,Ndebele,"Legal intervnt w injury by mch gun, bystand injured, subs"
930842707-4,Li'l Abner,Pretswell,364,http://dummyimage.com/247x100.png/ff4444/ffffff,Kyrgyz,"Abrasion of breast, left breast, subsequent encounter"
658936728-0,Get Yourself a College Girl,Hun,313,http://dummyimage.com/148x100.png/dddddd/000000,Nepali,"Other specified rheumatoid arthritis, right knee"
248552349-5,Paris Belongs to Us (Paris nous appartient),Smithson,162,http://dummyimage.com/164x100.png/ff4444/ffffff,West Frisian,"Avulsion of left eye, sequela"
749507967-3,Zincirbozan,Sivell,212,http://dummyimage.com/114x100.png/ff4444/ffffff,Filipino,"Burn of unspecified degree of left foot, sequela"
078478385-3,"Crush, The",Aldren,836,http://dummyimage.com/131x100.png/dddddd/000000,Malayalam,"Carcinoma in situ of lip, oral cavity and pharynx"
550652530-3,Patience (After Sebald),Battson,501,http://dummyimage.com/119x100.png/cc0000/ffffff,Telugu,"Glaucoma secondary to oth eye disord, left eye, stage unsp"
335786726-5,"Short Game, The",Blenkensop,549,http://dummyimage.com/226x100.png/5fa2dd/ffffff,Greek,Schwannomatosis
853629454-X,"Experts, The",Brigginshaw,460,http://dummyimage.com/176x100.png/cc0000/ffffff,Icelandic,Abscess of the breast and nipple
272463522-1,"Somewhat Gentle Man, A (En ganske snill mann)",Whitehorne,74,http://dummyimage.com/204x100.png/dddddd/000000,Sotho,"Tox eff of halgn deriv of aliphatic hydrocrb, slf-hrm, sqla"
784933589-9,Open Grave,Prichard,94,http://dummyimage.com/170x100.png/dddddd/000000,Malayalam,"Brown-Sequard synd at unsp level of cerv spinal cord, init"
269408034-0,Hide Your Smiling Faces,McNamara,441,http://dummyimage.com/177x100.png/cc0000/ffffff,Swedish,Other and unspecified metabolic disorders
119353573-5,Baby Doll,Spottiswood,592,http://dummyimage.com/201x100.png/5fa2dd/ffffff,West Frisian,"Disp fx of prox phalanx of r less toe(s), 7thD"
262483983-6,Rage,Marti,438,http://dummyimage.com/204x100.png/dddddd/000000,Gujarati,Type 2 diabetes mellitus with hyperosmolarity with coma
209803218-8,Lupin III: Sweet Lost Night (Rupan Sansei: Sweet Lost Night),Tebbit,305,http://dummyimage.com/185x100.png/5fa2dd/ffffff,Montenegrin,"Sudden idiopathic hearing loss, right ear"
849860906-2,Hotel,Lias,356,http://dummyimage.com/103x100.png/cc0000/ffffff,Greek,"Toxic effect of cyanides, accidental (unintentional), subs"
541355020-0,Anatomy of a Murder,Amoss,156,http://dummyimage.com/164x100.png/ff4444/ffffff,Lithuanian,Carcinoma in situ of right eye
681835708-3,Strip Nude for Your Killer (Nude per l'assassino),Bodell,887,http://dummyimage.com/138x100.png/dddddd/000000,Northern Sotho,Primary adrenocortical insufficiency
364190057-3,Premonition,Maestrini,385,http://dummyimage.com/225x100.png/ff4444/ffffff,Khmer,"Nondisp fx of base of 5th MC bone, r hand, 7thG"
750819511-6,"Hunters, The (Jägarna)",Danby,740,http://dummyimage.com/135x100.png/cc0000/ffffff,Dari,"Inj extensor musc/fasc/tend l idx fngr at wrs/hnd lv, subs"
754510114-6,Zorro,Philpot,82,http://dummyimage.com/123x100.png/cc0000/ffffff,Somali,"Legal intervnt w firearm disch, bystand injured, init"
318107887-5,Captain Abu Raed,Dupoy,340,http://dummyimage.com/224x100.png/5fa2dd/ffffff,Burmese,Maternal care for transverse and oblique lie
357997311-8,Exodus,Tevelov,894,http://dummyimage.com/132x100.png/cc0000/ffffff,Telugu,"Chronic periodontitis, unspecified"
921190797-7,Local Hero,Peers,860,http://dummyimage.com/186x100.png/ff4444/ffffff,Maltese,"Displaced intartic fx unsp calcaneus, subs for fx w malunion"
383710127-4,"Winner, The",Pargeter,782,http://dummyimage.com/195x100.png/cc0000/ffffff,Bosnian,"Nondisp fx of lateral cuneiform of left foot, sequela"
527699536-2,Nothing But the Truth,Ciementini,782,http://dummyimage.com/149x100.png/ff4444/ffffff,Kashmiri,"Disp fx of lateral end of r clavicle, subs for fx w nonunion"
002839456-9,Italian for Beginners (Italiensk for begyndere),Cordet,104,http://dummyimage.com/132x100.png/dddddd/000000,Norwegian,"Minor lacerat femor vein at hip and thi lev, right leg, init"
849023284-9,Marriage Retreat,Eakly,458,http://dummyimage.com/170x100.png/cc0000/ffffff,Tajik,"Type III traum spondylolysis of 3rd cervcal vert, 7thK"
250499433-8,Kansas,Pendrigh,531,http://dummyimage.com/108x100.png/5fa2dd/ffffff,Bislama,Other bursitis of knee
803178705-0,Hands of the Ripper,Sebert,270,http://dummyimage.com/106x100.png/5fa2dd/ffffff,Kurdish,"Toxic effect of contact w unsp venom animal, asslt, sequela"
540471575-8,Tinker Bell and the Lost Treasure,Bossons,772,http://dummyimage.com/237x100.png/cc0000/ffffff,Tsonga,Laceration of long flexor musc/fasc/tend thmb at wrs/hnd lv
397770293-9,After Earth,Heilds,692,http://dummyimage.com/208x100.png/ff4444/ffffff,Hebrew,"Corros 2nd deg mul sites of head, face, and neck, sequela"
636754239-6,Journey to Italy (Viaggio in Italia) (Voyage to Italy) (Voyage in Italy),Tassell,269,http://dummyimage.com/225x100.png/cc0000/ffffff,Khmer,"Unstable burst fracture of fourth thoracic vertebra, sequela"
608121272-6,"Dirties, The",Diess,719,http://dummyimage.com/211x100.png/ff4444/ffffff,West Frisian,"Displ spiral fx shaft of ulna, l arm, 7thN"
050884549-1,"Eyes Without a Face (Yeux sans visage, Les)",Lente,759,http://dummyimage.com/189x100.png/ff4444/ffffff,Zulu,"Inj greater saphenous vein at hip and thigh level, unsp leg"
669405552-8,All in a Night's Work,Kaming,389,http://dummyimage.com/121x100.png/cc0000/ffffff,Pashto,Glucocorticoids and synthetic analogues
380093372-1,Dad,MacCahee,208,http://dummyimage.com/118x100.png/ff4444/ffffff,Georgian,"Ganglion, left ankle and foot"
137206693-4,Apocalypse Now,Reditt,723,http://dummyimage.com/242x100.png/cc0000/ffffff,Bengali,"Displaced spiral fracture of shaft of left fibula, sequela"
589086782-2,Elvis and Me,Croizier,216,http://dummyimage.com/146x100.png/dddddd/000000,Lao,Corros second degree of single r finger (nail) except thumb
332439000-1,"Story of Ruth, The",Bricham,543,http://dummyimage.com/163x100.png/cc0000/ffffff,Italian,"Pathological fracture in other disease, unspecified shoulder"
238473308-7,"Wooden Man's Bride, The (Yan shen)",Hayes,189,http://dummyimage.com/120x100.png/5fa2dd/ffffff,Kannada,"Corrosion of second degree of unsp hand, unsp site, init"
146873723-6,"Ten Commandments, The",Prahl,688,http://dummyimage.com/245x100.png/5fa2dd/ffffff,Tswana,"Oth fx low end unsp ulna, 7thF"
831509183-2,"Last Elvis, The (Último Elvis, El)",Bentson,264,http://dummyimage.com/197x100.png/dddddd/000000,Swedish,"Temporomandibular joint disorder, unspecified"
479647732-2,Ain't Them Bodies Saints,Carley,199,http://dummyimage.com/141x100.png/dddddd/000000,Tsonga,"Phlyctenular keratoconjunctivitis, unspecified eye"
965105681-9,National Velvet,Ambrosoli,788,http://dummyimage.com/132x100.png/cc0000/ffffff,Sotho,"Drown due to being washed ovrbrd from unpowr wtrcrft, subs"
412346117-4,"Secret Garden, The",Coutts,820,http://dummyimage.com/169x100.png/5fa2dd/ffffff,Quechua,"Sprain of interphalangeal joint of unsp finger, sequela"
539837276-9,I Know What I Saw,Skiggs,770,http://dummyimage.com/187x100.png/ff4444/ffffff,Romanian,"Oth injury of blood vessel of left thumb, init encntr"
063299548-3,Pirates of the Caribbean: Dead Man's Chest,Abrahamson,665,http://dummyimage.com/107x100.png/dddddd/000000,Kyrgyz,Lac w fb of l bk wl of thorax w/o penet thoracic cavity
311932158-3,Lost Highway,Pierrepoint,487,http://dummyimage.com/189x100.png/dddddd/000000,Lao,"Parachutist entangled in object, sequela"
334951906-7,Runaway Brain ,Dalston,105,http://dummyimage.com/124x100.png/dddddd/000000,Assamese,"Subluxation of radiocarpal joint of right wrist, init encntr"
262383967-0,Incident at Oglala,Ellerker,133,http://dummyimage.com/174x100.png/cc0000/ffffff,Marathi,Other hyperalimentation
896617051-X,Prisoner of the Mountains (Kavkazsky plennik),Tivenan,726,http://dummyimage.com/191x100.png/5fa2dd/ffffff,Georgian,"Spirochetal infection, unspecified"
318000452-5,Blow-Up (Blowup),Hickisson,261,http://dummyimage.com/152x100.png/5fa2dd/ffffff,Haitian Creole,"Strain long flexor musc/fasc/tend l thm at wrs/hnd lv, init"
418054018-5,Sittin' on a Backyard Fence,Pinks,619,http://dummyimage.com/197x100.png/dddddd/000000,Gagauz,"Displ subtrochnt fx l femr, 7thJ"
090482788-7,Recipe for Love,Matejovsky,879,http://dummyimage.com/163x100.png/ff4444/ffffff,Catalan,"Pnctr of abd wall w/o fb, r low q w/o penet perit cav, init"
464870976-4,"Howling, The",Scarfe,793,http://dummyimage.com/183x100.png/5fa2dd/ffffff,Kashmiri,Puncture wound with foreign body of wrist
399437307-7,"¡Alambrista! (Illegal, The)",Lazenbury,165,http://dummyimage.com/136x100.png/ff4444/ffffff,Moldovan,Open bite of unspecified finger without damage to nail
703095638-9,"Mortician, The",Caesmans,848,http://dummyimage.com/153x100.png/ff4444/ffffff,Tswana,Long term (current) use of antibiotics
962702176-8,Choppertown: The Sinners,Gresswood,334,http://dummyimage.com/113x100.png/dddddd/000000,Moldovan,"Unsp fx shaft of right ulna, subs for clos fx w nonunion"
132276814-5,Thurgood,O'Hartigan,47,http://dummyimage.com/246x100.png/5fa2dd/ffffff,Burmese,Toxic effect of organophosphate and carbamate insecticides
130906665-5,"Severed Arm, The",Cradey,794,http://dummyimage.com/167x100.png/cc0000/ffffff,Kashmiri,Corrosion of third degree of toe(s) (nail)
089642300-X,Call Me Kuchu,Huddlestone,655,http://dummyimage.com/119x100.png/ff4444/ffffff,Khmer,Adverse effect of skeletal muscle relaxants
379945053-X,"Wayward Bus, The",Jovic,730,http://dummyimage.com/214x100.png/dddddd/000000,Dzongkha,"Poisoning by beta-adrenocpt antagonists, self-harm, sequela"
341613739-6,All the Young Men,Vigrass,881,http://dummyimage.com/137x100.png/dddddd/000000,Zulu,"Partial loss of teeth due to trauma, class I"
251279112-2,Worth Winning,Devonshire,790,http://dummyimage.com/132x100.png/5fa2dd/ffffff,Malagasy,"Displ seg fx shaft of rad, l arm, 7thN"
399425772-7,Just Like Heaven,Muschette,704,http://dummyimage.com/224x100.png/cc0000/ffffff,Tok Pisin,"Wedge compression fracture of third lumbar vertebra, init"
782415026-7,Third Person,Carabet,81,http://dummyimage.com/199x100.png/ff4444/ffffff,Zulu,Unspecified chorioretinal scars
507520293-4,Bad Eggs,Le Ball,211,http://dummyimage.com/176x100.png/cc0000/ffffff,Aymara,"Chronic viral hepatitis, unspecified"
846109970-2,Burt's Buzz,Dehm,695,http://dummyimage.com/101x100.png/ff4444/ffffff,Azeri,Embolism and thrombosis of inferior vena cava
330508320-4,Chinese Puzzle (Casse-tête chinois),Fluger,693,http://dummyimage.com/250x100.png/ff4444/ffffff,Kashmiri,"Calcium deposit in bursa, right elbow"
565195417-1,"Chump at Oxford, A",Bellison,406,http://dummyimage.com/165x100.png/cc0000/ffffff,Malayalam,Nondisplaced avulsion fracture of left ilium
