168 Charing Cross Trail,Hrodna,9426427507,brabbet0@soup.io,Kettie Cello,Brigitta Rabbet
6325 Colorado Street,Wa,5394372525,lesley1@theatlantic.com,Willie Dowdam,Leontine Esley
833 Lien Avenue,Ksour Essaf,2485787717,hheymes2@ebay.co.uk,Tessy Chitty,Hashim Heymes
77 Sunnyside Point,Broniszewice,9544865963,lwegener3@nymag.com,Odele Stearn,Lynnette Wegener
171 East Junction,Point Pedro,7605699845,rhessentaler4@qq.com,Melisa Faragher,Ranee Hessentaler
71265 Derek Terrace,Ostrów Mazowiecka,7803316097,solivella5@bizjournals.com,Orlando Burles,Sheffield Olivella
12808 Lunder Way,Greystones,4142715281,udi6@reuters.com,Glenn Dreakin,Ulberto Di Carli
7 Green Ridge Terrace,Babura,8227540261,mspadollini7@mtv.com,Sonni Goodlatt,Mella Spadollini
028 Monica Park,Jilong,5977509780,rpowlesland8@cnet.com,Janna Dows,Rollins Powlesland
68 Ridgeview Parkway,Buganda,8215973979,jstannering9@cargocollective.com,Charlena Realy,Jonathon Stannering
3 Sauthoff Junction,Pereval noe,5484816216,jwhightmana@prweb.com,Adiana Gomez,Joseph Whightman
4074 Caliangt Place,Peoria,3095707589,fhargieb@buzzfeed.com,Emogene Lipscomb,Ferguson Hargie
2 Schlimgen Hill,Baoxia,3402524366,slelievrec@dropbox.com,Silvanus Elijahu,Stephana Lelievre
9322 Sunfield Street,Kuwait City,8116102152,lbrantond@uiuc.edu,Marys Lempertz,Lurlene Branton
97408 Colorado Pass,Donghe,5691318547,bhatherleighe@myspace.com,Raymund Urlin,Babbie Hatherleigh
94883 Buhler Point,Sơn Hà,3468104725,bkeunemannf@myspace.com,Paule Coplestone,Betta Keunemann
4010 Burning Wood Park,Budenovetc,7506142208,lchalonerg@narod.ru,Allene Labrow,Laina Chaloner
09 Dryden Road,Xinji,7029868835,erenh@paypal.com,Kingsly Labusquiere,Earl Ren
50 Schiller Point,Jorong Lauk,8353274754,fpaveri@newyorker.com,Tye Gulston,Farrah Paver
156 Summer Ridge Place,Jibiya,4943632669,rbabstj@weather.com,Alaric Noell,Rayner Babst
7152 Graceland Pass,Nis’oni,2904144889,ecamplejohnk@pen.io,Murial Caig,Eloise Camplejohn
77 Brentwood Pass,Jimeta,3249660447,hkhristyukhinl@wikispaces.com,Elicia McKeon,Hyacinthe Khristyukhin
5 Bonner Trail,Tianxin,3075331623,cparletm@shareasale.com,Casar Lusk,Clarissa Parlet
0215 Kedzie Center,Akune,3638004715,rcescon@walmart.com,Suzi Gullick,Roley Cesco
6237 Debs Point,Diyarb Najm,3303605962,ljunkinsono@com.com,Dolorita Absolem,Lib Junkinson
2681 Atwood Terrace,Sindangsari,4771654506,gfeltoep@bing.com,Drucie Huckfield,Gipsy Feltoe
1 Browning Pass,Lagkadás,2704109533,featonq@sbwire.com,Dolley Ambrus,Fiorenze Eaton
20 Oak Valley Plaza,Kabin Buri,1814494778,mspicerr@merriam-webster.com,Martino Blinder,Murielle Spicer
97 Dayton Center,Heqing,1506144342,tclamps@dagondesign.com,Thalia Denecamp,Tynan Clamp
261 Pearson Parkway,Gävle,6095011266,cteresset@rakuten.co.jp,Florrie Macrow,Corrie Teresse
11 Schiller Avenue,Windsor,5679357117,calliboneu@studiopress.com,Gratia Mattheissen,Collette Allibone
80652 Sommers Pass,Cisalak,4975056591,nvecardv@google.es,Ros Davage,Nancey Vecard
2451 Cottonwood Park,Bila Tserkva,6914649789,mhallawellw@springer.com,Charlotte Flea,Maggee Hallawell
06617 Raven Lane,Loznitsa,9564705977,gstoltingx@yellowpages.com,Durant Huncote,Gaylor Stolting
694 Tennessee Junction,Pokrov,8062921364,ssweetnamy@xinhuanet.com,Stafani Chelley,Saxe Sweetnam
97 Arizona Pass,Öldziyt,5377876878,imccarneyz@g.co,Gearalt Snead,Idalia McCarney
04 Cardinal Avenue,Plettenberg Bay,9622985266,dshervington10@icio.us,Retha Hearne,Donella Shervington
11538 Namekagon Center,Mehtar Lām,7035512259,ayellowlee11@wp.com,Rosalynd Recke,Andre Yellowlee
0926 Paget Trail,Qanliko’l,6805076217,lhaglinton12@vkontakte.ru,Boot Haps,Louise Haglinton
1 Melody Terrace,Ambovombe,7938066214,hgilderoy13@google.com.hk,Hamish Parcall,Hazlett Gilderoy
6844 Roth Alley,Flers,4433846068,kclaremont14@php.net,Yelena McJarrow,Kaia Claremont
47380 International Lane,Seren Barat,8489658826,gspeller15@jigsy.com,Erny Timmes,Glennis Speller
50241 Briar Crest Court,Polepy,7721507133,malenichicov16@free.fr,Laurent Killelay,Maxie Alenichicov
1 Westend Hill,Medvedovskaya,6619656110,kde17@jugem.jp,Clark Le Frank,Kordula De Maria
8 Towne Way,Uren’,2387249779,mboards18@mozilla.org,Giorgi Emberson,Michele Boards
32291 Kingsford Avenue,Gubkinskiy,1012611818,oburree19@canalblog.com,Marybeth Elnaugh,Orsa Burree
4533 East Parkway,Francisco Sarabia,5432413927,lswatland1a@list-manage.com,Rey Ottosen,Lorri Swatland
1 Gina Trail,Villavicencio,9146423078,kdobrowski1b@msu.edu,Morganica Enderle,Kelly Dobrowski
71815 Moland Trail,Rudnogorsk,4388640138,rcannavan1c@wix.com,Rowen Warratt,Rogers Cannavan
9 Mcguire Way,Nagoya-shi,8863647335,sraccio1d@accuweather.com,Todd Schouthede,Sunshine Raccio
73 Crowley Crossing,Chonogol,9787688793,jfierro1e@opensource.org,Dareen Rockcliff,Jaimie Fierro
6124 Onsgard Park,Kurumoch,6281256383,dreaditt1f@clickbank.net,Jean Kirkup,Dede Readitt
092 Bunker Hill Plaza,Kortowo,1144815572,dmerryman1g@telegraph.co.uk,Fonsie Melly,Dallas Merryman
2313 Tennyson Road,Greytown,9942272113,hhaking1h@latimes.com,Maureen Dominico,Humfrid Haking
197 Sachs Drive,Limoeiro,5716801595,htoler1i@ftc.gov,Isaiah Sill,Hasheem Toler
307 Fairfield Park,Sydney,6471604784,rhansell1j@soup.io,Timmy Sarge,Rosamund Hansell
8 Oneill Road,Maoqitun,1893790981,mbiggar1k@a8.net,Clarissa Mandifield,Mia Biggar
09 Beilfuss Street,Grebnevo,1358751746,lchaman1l@hp.com,Royal Zuan,Lane Chaman
079 Dovetail Drive,Nangkasari,9843166283,ghudspeth1m@tumblr.com,Mabelle Stovine,Gisella Hudspeth
38 Sherman Plaza,Belén,1742565086,amegarry1n@illinois.edu,Myra Stigell,Antonius Megarry
06 New Castle Point,Banaran,2234671605,sbardsley1o@mit.edu,Care Bramelt,Sherrie Bardsley
07842 Southridge Road,Heling,2716555628,ewykey1p@alibaba.com,Shawna Dyas,Erna Wykey
98577 Kipling Terrace,Skovorodino,9554376388,dstormonth1q@weather.com,Dacey Linzey,Dougie Stormonth
863 Moland Hill,Narimanov,3419977100,odenerley1r@chron.com,Dorita Van der Spohr,Ollie Denerley
2 Marquette Alley,Bantian,2205598214,scasper1s@dmoz.org,Ambros Kix,Spence Casper
03490 Mccormick Terrace,Bajia,9828121470,hmcbratney1t@redcross.org,Basil Paddock,Hardy McBratney
52 Banding Parkway,Chorkówka,1916600026,lgentsch1u@columbia.edu,Marc Morillas,Lilas Gentsch
35 Stoughton Point,Vlorë,6598955395,rcaillou1v@biglobe.ne.jp,Sherwin King,Rouvin Caillou
5112 Myrtle Crossing,Honglai,7639548551,mde1w@tiny.cc,Harrison Krolik,Maryann de Mendoza
7 Armistice Place,San Jorge,9217738118,barmal1x@nature.com,Chlo Feragh,Brigg Armal
96 Mayer Center,MacArthur,2262865169,kcalwell1y@4shared.com,Darleen Strippling,Kynthia Calwell
59397 Melody Court,Santa Venera,7221132630,do1z@independent.co.uk,Estrellita Ruggen,Doloritas O Shea
625 Anhalt Court,Khōst,1928413140,cadrianello20@blogger.com,Ettore Whitebread,Chen Adrianello
30 Fieldstone Park,Bayonne,3741390832,mzaczek21@howstuffworks.com,Nickie McQuilliam,Mireielle Zaczek
8 Oak Place,Solnice,2136214948,tashard22@fc2.com,Deeyn Aronov,Tommy Ashard
5 Merrick Point,Ipaba,3609133354,nseamer23@ustream.tv,Pincus Ovenell,Nevins Seamer
36 Morningstar Plaza,Vinhedo,5743559379,svan24@w3.org,Orton Matthewes,Shir Van Daalen
206 Anthes Avenue,Ugba,1109712057,mbeardwood25@skyrock.com,Shaw Darwent,Michaela Beardwood
65293 Eastwood Terrace,Linhó,4361566867,planon26@comcast.net,Winnah Greenhowe,Petronille Lanon
243 Algoma Drive,Cordeiro,3726871303,scaldairou27@zimbio.com,Daron Adelman,Stanislaus Caldairou
